cast,title,year
Zoe Saldana,Avatar,2009-12-10
Sigourney Weaver,Avatar,2009-12-10
Leonardo DiCaprio,Titanic,1997-11-18
Kate Winslet,Titanic,1997-11-18
Robert Downey Jr.,The Avengers,2012-04-25
Chris Evans,The Avengers,2012-04-25
Mark Ruffalo,The Avengers,2012-04-25
Dwayne Johnson,Furious 7,2015-04-01
Vin Diesel,Furious 7,2015-04-01
Paul Walker,Furious 7,2015-04-01
Robert Downey Jr.,Avengers: Age of Ultron,2015-04-22
Mark Ruffalo,Avengers: Age of Ultron,2015-04-22
Chris Hemsworth,Avengers: Age of Ultron,2015-04-22
Robert Downey Jr.,Iron Man 3,2013-04-18
Gwyneth Paltrow,Iron Man 3,2013-04-18
Don Cheadle,Iron Man 3,2013-04-18
Sandra Bullock,Minions,2015-06-17
Michael Keaton,Minions,2015-06-17
Robert Downey Jr.,Captain America: Civil War,2016-04-27
Chris Evans,Captain America: Civil War,2016-04-27
Scarlett Johansson,Captain America: Civil War,2016-04-27
Shia LaBeouf,Transformers: Dark of the Moon,2011-06-28
John Malkovich,Transformers: Dark of the Moon,2011-06-28
Ian McKellen,The Lord of the Rings: The Return of the King,2003-12-01
Elijah Wood,The Lord of the Rings: The Return of the King,2003-12-01
Viggo Mortensen,The Lord of the Rings: The Return of the King,2003-12-01
Daniel Craig,Skyfall,2012-10-25
Javier Bardem,Skyfall,2012-10-25
Mark Wahlberg,Transformers: Age of Extinction,2014-06-25
Christian Bale,The Dark Knight Rises,2012-07-16
Gary Oldman,The Dark Knight Rises,2012-07-16
Michael Caine,The Dark Knight Rises,2012-07-16
Tom Hanks,Toy Story 3,2010-06-16
Tim Allen,Toy Story 3,2010-06-16
Johnny Depp,Pirates of the Caribbean: Dead Man's Chest,2006-06-20
Keira Knightley,Pirates of the Caribbean: Dead Man's Chest,2006-06-20
Johnny Depp,Pirates of the Caribbean: On Stranger Tides,2011-05-14
Penélope Cruz,Pirates of the Caribbean: On Stranger Tides,2011-05-14
Johnny Depp,Alice in Wonderland,2010-03-03
Anne Hathaway,Alice in Wonderland,2010-03-03
Ian McKellen,The Hobbit: An Unexpected Journey,2012-11-26
Christian Bale,The Dark Knight,2008-07-16
Aaron Eckhart,The Dark Knight,2008-07-16
Heath Ledger,The Dark Knight,2008-07-16
Emma Watson,Harry Potter and the Philosopher's Stone,2001-11-16
Steve Carell,Despicable Me 2,2013-06-25
Kristen Wiig,Despicable Me 2,2013-06-25
Ben Kingsley,The Jungle Book,2016-04-07
Bill Murray,The Jungle Book,2016-04-07
Johnny Depp,Pirates of the Caribbean: At World's End,2007-05-19
Keira Knightley,Pirates of the Caribbean: At World's End,2007-05-19
Ian McKellen,The Hobbit: The Desolation of Smaug,2013-12-11
Ian McKellen,The Hobbit: The Battle of the Five Armies,2014-12-10
Emma Watson,Harry Potter and the Order of the Phoenix,2007-06-28
Emma Watson,Harry Potter and the Half-Blood Prince,2009-07-07
Ian McKellen,The Lord of the Rings: The Two Towers,2002-12-18
Elijah Wood,The Lord of the Rings: The Two Towers,2002-12-18
Viggo Mortensen,The Lord of the Rings: The Two Towers,2002-12-18
Natalie Portman,Star Wars: Episode I - The Phantom Menace,1999-05-19
Ewan McGregor,Star Wars: Episode I - The Phantom Menace,1999-05-19
Liam Neeson,Star Wars: Episode I - The Phantom Menace,1999-05-19
Sam Neill,Jurassic Park,1993-06-11
Cameron Diaz,Shrek 2,2004-05-19
Eddie Murphy,Shrek 2,2004-05-19
Mike Myers,Shrek 2,2004-05-19
Emma Watson,Harry Potter and the Goblet of Fire,2005-11-05
James Franco,Spider-Man 3,2007-05-01
Kirsten Dunst,Spider-Man 3,2007-05-01
John Leguizamo,Ice Age: Dawn of the Dinosaurs,2009-06-29
Daniel Craig,Spectre,2015-10-26
John Leguizamo,Ice Age: Continental Drift,2012-06-26
Emma Watson,Harry Potter and the Chamber of Secrets,2002-11-13
Ben Affleck,Batman v Superman: Dawn of Justice,2016-03-23
Elijah Wood,The Lord of the Rings: The Fellowship of the Ring,2001-12-18
Cate Blanchett,The Lord of the Rings: The Fellowship of the Ring,2001-12-18
Natalie Portman,Star Wars: Episode III - Revenge of the Sith,2005-05-17
Ewan McGregor,Star Wars: Episode III - Revenge of the Sith,2005-05-17
Hayden Christensen,Star Wars: Episode III - Revenge of the Sith,2005-05-17
Jennifer Lawrence,The Hunger Games: Catching Fire,2013-11-15
Josh Hutcherson,The Hunger Games: Catching Fire,2013-11-15
Shia LaBeouf,Transformers: Revenge of the Fallen,2009-06-19
Kristen Stewart,The Twilight Saga: Breaking Dawn - Part 2,2012-11-13
Leonardo DiCaprio,Inception,2010-07-14
Joseph Gordon-Levitt,Inception,2010-07-14
Kirsten Dunst,Spider-Man,2002-05-01
Willem Dafoe,Spider-Man,2002-05-01
Will Smith,Independence Day,1996-06-25
Bill Pullman,Independence Day,1996-06-25
Cameron Diaz,Shrek the Third,2007-05-17
Eddie Murphy,Shrek the Third,2007-05-17
Mike Myers,Shrek the Third,2007-05-17
Drew Barrymore,E.T. the Extra-Terrestrial,1982-04-03
Matthew Broderick,The Lion King,1994-06-23
Harrison Ford,Indiana Jones and the Kingdom of the Crystal Skull,2008-05-21
Shia LaBeouf,Indiana Jones and the Kingdom of the Crystal Skull,2008-05-21
Cate Blanchett,Indiana Jones and the Kingdom of the Crystal Skull,2008-05-21
James Franco,Spider-Man 2,2004-06-25
Kirsten Dunst,Spider-Man 2,2004-06-25
Ryan Reynolds,Deadpool,2016-02-09
Harrison Ford,Star Wars,1977-05-25
Zoe Saldana,Guardians of the Galaxy,2014-07-30
John Cusack,2012,2009-10-10
Tom Hanks,The Da Vinci Code,2006-05-17
Angelina Jolie,Maleficent,2014-05-28
Cameron Diaz,Shrek Forever After,2010-05-16
Eddie Murphy,Shrek Forever After,2010-05-16
Mike Myers,Shrek Forever After,2010-05-16
Emma Stone,The Amazing Spider-Man,2012-06-27
Jennifer Lawrence,The Hunger Games: Mockingjay - Part 1,2014-11-18
Josh Hutcherson,The Hunger Games: Mockingjay - Part 1,2014-11-18
Hugh Jackman,X-Men: Days of Future Past,2014-05-15
Michael Fassbender,X-Men: Days of Future Past,2014-05-15
James McAvoy,X-Men: Days of Future Past,2014-05-15
Ben Stiller,Madagascar 3: Europe's Most Wanted,2012-06-06
Will Smith,Suicide Squad,2016-08-02
John Goodman,Monsters University,2013-06-20
Steve Buscemi,Monsters University,2013-06-20
Keanu Reeves,The Matrix Reloaded,2003-05-15
Carrie-Anne Moss,The Matrix Reloaded,2003-05-15
Laurence Fishburne,The Matrix Reloaded,2003-05-15
Christopher Plummer,Up,2009-05-13
George Clooney,Gravity,2013-09-27
Sandra Bullock,Gravity,2013-09-27
Ed Harris,Gravity,2013-09-27
Chris Evans,Captain America: The Winter Soldier,2014-03-20
Samuel L. Jackson,Captain America: The Winter Soldier,2014-03-20
Scarlett Johansson,Captain America: The Winter Soldier,2014-03-20
Gary Oldman,Dawn of the Planet of the Apes,2014-06-26
Kristen Stewart,The Twilight Saga: New Moon,2009-03-15
Shia LaBeouf,Transformers,2007-06-27
Emma Stone,The Amazing Spider-Man 2,2014-04-16
Jamie Foxx,The Amazing Spider-Man 2,2014-04-16
Kristen Stewart,The Twilight Saga: Eclipse,2010-06-23
Tom Cruise,Mission: Impossible - Ghost Protocol,2011-12-07
Jennifer Lawrence,The Hunger Games,2012-03-12
Josh Hutcherson,The Hunger Games,2012-03-12
Tom Cruise,Mission: Impossible - Rogue Nation,2015-07-23
Tom Hanks,Forrest Gump,1994-07-06
Anne Hathaway,Interstellar,2014-11-05
Matthew McConaughey,Interstellar,2014-11-05
Bruce Willis,The Sixth Sense,1999-08-06
Toni Collette,The Sixth Sense,1999-08-06
Angelina Jolie,Kung Fu Panda 2,2011-05-25
Jack Black,Kung Fu Panda 2,2011-05-25
Dustin Hoffman,Kung Fu Panda 2,2011-05-25
Amy Adams,Man of Steel,2013-06-12
John Leguizamo,Ice Age: The Meltdown,2006-03-23
Johnny Depp,Pirates of the Caribbean: The Curse of the Black Pearl,2003-07-09
Geoffrey Rush,Pirates of the Caribbean: The Curse of the Black Pearl,2003-07-09
Jennifer Lawrence,The Hunger Games: Mockingjay - Part 2,2015-11-18
Josh Hutcherson,The Hunger Games: Mockingjay - Part 2,2015-11-18
Natalie Portman,Star Wars: Episode II - Attack of the Clones,2002-05-15
Ewan McGregor,Star Wars: Episode II - Attack of the Clones,2002-05-15
Hayden Christensen,Star Wars: Episode II - Attack of the Clones,2002-05-15
Natalie Portman,Thor: The Dark World,2013-10-29
Chris Hemsworth,Thor: The Dark World,2013-10-29
Angelina Jolie,Kung Fu Panda,2008-06-04
Jack Black,Kung Fu Panda,2008-06-04
Dustin Hoffman,Kung Fu Panda,2008-06-04
Samuel L. Jackson,The Incredibles,2004-11-05
Matt Damon,The Martian,2015-09-30
Kristen Wiig,The Martian,2015-09-30
Vin Diesel,Fast Five,2011-04-20
Paul Walker,Fast Five,2011-04-20
Will Smith,Hancock,2008-07-01
Charlize Theron,Hancock,2008-07-01
Jason Bateman,Hancock,2008-07-01
Will Smith,Men in Black 3,2012-05-23
Tommy Lee Jones,Men in Black 3,2012-05-23
Josh Brolin,Men in Black 3,2012-05-23
Robert Downey Jr.,Iron Man 2,2010-04-28
Gwyneth Paltrow,Iron Man 2,2010-04-28
Don Cheadle,Iron Man 2,2010-04-28
Jim Caviezel,The Passion of the Christ,2004-02-25
Pierce Brosnan,Mamma Mia!,2008-07-03
Meryl Streep,Mamma Mia!,2008-07-03
Gerard Butler,How to Train Your Dragon 2,2014-06-12
Kristen Wiig,How to Train Your Dragon 2,2014-06-12
Ben Stiller,Madagascar: Escape 2 Africa,2008-10-30
Daniel Craig,Casino Royale,2006-11-14
Tom Cruise,War of the Worlds,2005-06-28
Will Smith,Men in Black,1997-07-02
Tommy Lee Jones,Men in Black,1997-07-02
Daniel Craig,Quantum of Solace,2008-10-30
Nicolas Cage,The Croods,2013-03-20
Ryan Reynolds,The Croods,2013-03-20
Emma Stone,The Croods,2013-03-20
Jeff Bridges,Iron Man,2008-04-30
Terrence Howard,Iron Man,2008-04-30
Ben Stiller,Night at the Museum,2006-10-20
Carla Gugino,Night at the Museum,2006-10-20
Harrison Ford,Return of the Jedi,1983-05-23
John Goodman,"Monsters, Inc.",2001-11-01
Owen Wilson,Cars 2,2011-06-11
Michael Caine,Cars 2,2011-06-11
Antonio Banderas,Puss in Boots,2011-10-28
Salma Hayek,Puss in Boots,2011-10-28
Bruce Willis,Armageddon,1998-07-01
Ben Affleck,Armageddon,1998-07-01
Billy Bob Thornton,Armageddon,1998-07-01
Jack Black,King Kong,2005-12-14
Naomi Watts,King Kong,2005-12-14
Adrien Brody,King Kong,2005-12-14
Mark Wahlberg,Ted,2012-06-29
Mila Kunis,Ted,2012-06-29
Tom Cruise,Mission: Impossible II,2000-05-24
Jake Gyllenhaal,The Day After Tomorrow,2004-05-26
Dennis Quaid,The Day After Tomorrow,2004-05-26
Jennifer Lawrence,X-Men: Apocalypse,2016-05-18
Michael Fassbender,X-Men: Apocalypse,2016-05-18
James McAvoy,X-Men: Apocalypse,2016-05-18
Cate Blanchett,Cinderella,2015-03-12
Steve Carell,Despicable Me,2010-07-08
Jason Segel,Despicable Me,2010-07-08
Bradley Cooper,American Sniper,2014-12-11
Harrison Ford,The Empire Strikes Back,1980-05-17
Leonardo DiCaprio,The Revenant,2015-12-25
Ben Stiller,Madagascar,2005-05-25
Chris Rock,Madagascar,2005-05-25
Brad Pitt,World War Z,2013-06-20
Jude Law,Sherlock Holmes,2009-12-23
Rachel McAdams,Sherlock Holmes,2009-12-23
Jack Black,Kung Fu Panda 3,2016-01-23
Dustin Hoffman,Kung Fu Panda 3,2016-01-23
Arnold Schwarzenegger,Terminator 2: Judgment Day,1991-07-01
Michael Douglas,Ant-Man,2015-07-14
Paul Rudd,Ant-Man,2015-07-14
Ben Stiller,Meet the Fockers,2004-12-22
Robert De Niro,Meet the Fockers,2004-12-22
Demi Moore,Ghost,1990-07-12
Robin Williams,Aladdin,1992-11-25
Anne Hathaway,Rio 2,2014-03-19
Jesse Eisenberg,Rio 2,2014-03-19
Leslie Mann,Rio 2,2014-03-19
Brad Pitt,Troy,2004-05-13
Tom Hanks,Toy Story 2,1999-10-30
Tim Allen,Toy Story 2,1999-10-30
Joan Cusack,Toy Story 2,1999-10-30
Gerard Butler,How to Train Your Dragon,2010-03-05
James Franco,Oz: The Great and Powerful,2013-03-07
Mila Kunis,Oz: The Great and Powerful,2013-03-07
Rachel Weisz,Oz: The Great and Powerful,2013-03-07
Anne Hathaway,Rio,2011-04-03
Jesse Eisenberg,Rio,2011-04-03
Leslie Mann,Rio,2011-04-03
Jim Carrey,Bruce Almighty,2003-05-23
Jennifer Aniston,Bruce Almighty,2003-05-23
Cameron Diaz,Shrek,2001-05-16
Eddie Murphy,Shrek,2001-05-16
Mike Myers,Shrek,2001-05-16
James Franco,Rise of the Planet of the Apes,2011-08-03
Tom Hanks,Saving Private Ryan,1998-07-24
Matt Damon,Saving Private Ryan,1998-07-24
Vin Diesel,Saving Private Ryan,1998-07-24
Brad Pitt,Mr. & Mrs. Smith,2005-06-07
Angelina Jolie,Mr. & Mrs. Smith,2005-06-07
Vince Vaughn,Mr. & Mrs. Smith,2005-06-07
Joe Pesci,Home Alone,1990-11-09
Harrison Ford,Indiana Jones and the Last Crusade,1989-05-24
Sean Connery,Indiana Jones and the Last Crusade,1989-05-24
Adam Sandler,Hotel Transylvania 2,2015-09-21
John C. Reilly,Wreck-It Ralph,2012-11-01
Dwayne Johnson,San Andreas,2015-05-27
Carla Gugino,San Andreas,2015-05-27
Will Ferrell,The Lego Movie,2014-02-06
Elizabeth Banks,The Lego Movie,2014-02-06
Zoe Saldana,Star Trek Into Darkness,2013-05-05
Chris Pine,Star Trek Into Darkness,2013-05-05
Keanu Reeves,The Matrix,1999-03-30
Carrie-Anne Moss,The Matrix,1999-03-30
Laurence Fishburne,The Matrix,1999-03-30
Julia Roberts,Pretty Woman,1990-03-23
Richard Gere,Pretty Woman,1990-03-23
Owen Wilson,Cars,2006-06-08
Paul Newman,Cars,2006-06-08
Hugh Jackman,X-Men: The Last Stand,2006-05-24
Halle Berry,X-Men: The Last Stand,2006-05-24
Bradley Cooper,The Hangover,2009-06-05
Tom Cruise,Mission: Impossible,1996-05-22
Jon Voight,Mission: Impossible,1996-05-22
Russell Crowe,Gladiator,2000-05-01
Joaquin Phoenix,Gladiator,2000-05-01
Brad Pitt,Ocean's Eleven,2001-12-07
Matt Damon,Ocean's Eleven,2001-12-07
George Clooney,Ocean's Eleven,2001-12-07
Natalie Portman,Thor,2011-04-21
Chris Hemsworth,Thor,2011-04-21
Ben Affleck,Pearl Harbor,2001-05-21
Kate Beckinsale,Pearl Harbor,2001-05-21
Josh Hartnett,Pearl Harbor,2001-05-21
Jason Lee,Alvin and the Chipmunks: The Squeakquel,2009-12-21
Matt Damon,The Bourne Ultimatum,2007-08-03
Julia Stiles,The Bourne Ultimatum,2007-08-03
Tommy Lee Jones,Men in Black II,2002-07-03
Anne Hathaway,Les Misérables,2012-12-18
Hugh Jackman,Les Misérables,2012-12-18
Russell Crowe,Les Misérables,2012-12-18
Robin Williams,Mrs. Doubtfire,1993-11-24
Pierce Brosnan,Mrs. Doubtfire,1993-11-24
Arnold Schwarzenegger,Terminator Genisys,2015-06-23
Arnold Schwarzenegger,Terminator 3: Rise of the Machines,2003-07-02
Paula Patton,Warcraft,2016-05-25
Rachel Weisz,The Mummy Returns,2001-04-28
Brendan Fraser,The Mummy Returns,2001-04-28
Pierce Brosnan,Die Another Day,2002-11-17
Halle Berry,Die Another Day,2002-11-17
Leonardo DiCaprio,Django Unchained,2012-12-25
Jamie Foxx,Django Unchained,2012-12-25
Keanu Reeves,The Matrix Revolutions,2003-11-05
Carrie-Anne Moss,The Matrix Revolutions,2003-11-05
Laurence Fishburne,The Matrix Revolutions,2003-11-05
Kevin Costner,Dances with Wolves,1990-11-09
Gerard Butler,300,2006-12-09
Matt Damon,Jason Bourne,2016-07-27
Tommy Lee Jones,Jason Bourne,2016-07-27
Hugh Jackman,The Wolverine,2013-07-23
Geoffrey Rush,The King's Speech,2010-09-06
Helena Bonham Carter,The King's Speech,2010-09-06
Colin Firth,The King's Speech,2010-09-06
Owen Wilson,Night at the Museum: Battle of the Smithsonian,2009-05-20
Amy Adams,Night at the Museum: Battle of the Smithsonian,2009-05-20
Dustin Hoffman,Rain Man,1988-12-11
Michael Keaton,Batman,1989-06-23
Jack Nicholson,Batman,1989-06-23
Kevin Costner,The Bodyguard,1992-11-25
Mel Gibson,Signs,2002-08-02
Joaquin Phoenix,Signs,2002-08-02
Hugh Jackman,X2,2003-04-24
Patrick Stewart,X2,2003-04-24
Michael Fassbender,Prometheus,2012-05-30
Guy Pearce,Prometheus,2012-05-30
Brendan Fraser,The Mummy: Tomb of the Dragon Emperor,2008-07-01
Jet Li,The Mummy: Tomb of the Dragon Emperor,2008-07-01
Jeff Bridges,TRON: Legacy,2010-12-10
Philip Seymour Hoffman,Mission: Impossible III,2006-05-03
Kristen Stewart,Snow White and the Huntsman,2012-05-30
Chris Hemsworth,Snow White and the Huntsman,2012-05-30
Charlize Theron,Snow White and the Huntsman,2012-05-30
Kristen Stewart,Twilight,2008-11-20
Leonardo DiCaprio,The Wolf of Wall Street,2013-12-25
Jonah Hill,The Wolf of Wall Street,2013-12-25
Kevin Spacey,Superman Returns,2006-06-28
Kate Bosworth,Superman Returns,2006-06-28
Morgan Freeman,Robin Hood: Prince of Thieves,1991-06-14
Kevin Costner,Robin Hood: Prince of Thieves,1991-06-14
Bill Pullman,Independence Day: Resurgence,2016-06-22
Chris Pine,Star Trek,2009-05-06
Elijah Wood,Happy Feet,2006-11-16
Robin Williams,Happy Feet,2006-11-16
Bruce Willis,Live Free or Die Hard,2007-06-20
Justin Long,Live Free or Die Hard,2007-06-20
John Leguizamo,Ice Age,2002-03-10
Seth Rogen,Monsters vs Aliens,2009-03-19
Reese Witherspoon,Monsters vs Aliens,2009-03-19
Arnold Schwarzenegger,True Lies,1994-07-14
Charlize Theron,Mad Max: Fury Road,2015-05-13
Liam Neeson,Taken 2,2012-09-27
Christian Bale,Batman Begins,2005-06-10
Liam Neeson,Batman Begins,2005-06-10
Michael Caine,Batman Begins,2005-06-10
Mel Gibson,What Women Want,2000-12-15
Marisa Tomei,What Women Want,2000-12-15
Tim Allen,Toy Story,1995-10-30
Daniel Craig,The Golden Compass,2007-12-04
Nicole Kidman,The Golden Compass,2007-12-04
Dwayne Johnson,G.I. Joe: Retaliation,2013-03-26
Christian Bale,Terminator Salvation,2009-05-20
Chris Evans,Captain America: The First Avenger,2011-07-22
Tommy Lee Jones,Captain America: The First Avenger,2011-07-22
Emily Blunt,Edge of Tomorrow,2014-05-27
Cameron Diaz,There's Something About Mary,1998-07-15
Matt Dillon,There's Something About Mary,1998-07-15
Ben Affleck,Gone Girl,2014-10-01
Steve Martin,Home,2015-03-18
Sam Neill,Jurassic Park III,2001-07-18
Téa Leoni,Jurassic Park III,2001-07-18
Eva Mendes,Hitch,2005-02-10
Robert De Niro,Shark Tale,2004-09-20
Renée Zellweger,Shark Tale,2004-09-20
Bruce Willis,Die Hard: With a Vengeance,1995-05-19
Samuel L. Jackson,Die Hard: With a Vengeance,1995-05-19
Julia Roberts,Notting Hill,1999-05-13
Hugh Grant,Notting Hill,1999-05-13
Kevin Spacey,A Bug's Life,1998-11-25
Brad Pitt,Ocean's Twelve,2004-12-09
George Clooney,Ocean's Twelve,2004-12-09
Catherine Zeta-Jones,Ocean's Twelve,2004-12-09
Russell Crowe,Noah,2014-03-20
Jennifer Connelly,Noah,2014-03-20
Mark Wahlberg,Planet of the Apes,2001-07-25
Helena Bonham Carter,Planet of the Apes,2001-07-25
Pierce Brosnan,The World Is Not Enough,1999-11-08
Jason Lee,Alvin and the Chipmunks,2007-12-13
Joe Pesci,Home Alone 2: Lost in New York,1992-11-19
Adam Sandler,Hotel Transylvania,2012-09-20
Steve Buscemi,Hotel Transylvania,2012-09-20
Colin Farrell,Minority Report,2002-06-20
Samantha Morton,Minority Report,2002-06-20
Val Kilmer,Top Gun,1986-05-16
Ewan McGregor,Angels & Demons,2009-05-13
Kevin Spacey,American Beauty,1999-09-15
Annette Bening,American Beauty,1999-09-15
Dwayne Johnson,Journey 2: The Mysterious Island,2012-01-19
Josh Hutcherson,Journey 2: The Mysterious Island,2012-01-19
Kevin Bacon,Apollo 13,1995-06-30
Michael Fassbender,X-Men: First Class,2011-05-24
James McAvoy,X-Men: First Class,2011-05-24
Pierce Brosnan,GoldenEye,1995-11-16
Christopher Walken,Catch Me If You Can,2002-12-25
Jim Carrey,The Mask,1994-07-29
Sandra Bullock,Speed,1994-06-09
Keanu Reeves,Speed,1994-06-09
Nicolas Cage,National Treasure,2004-11-19
Jackie Chan,Rush Hour 2,2001-08-03
Mel Gibson,Pocahontas,1995-06-14
Jim Carrey,How the Grinch Stole Christmas,2000-11-17
Chris Pine,Star Trek Beyond,2016-07-07
Bruce Willis,Over the Hedge,2006-04-22
Steve Carell,Over the Hedge,2006-04-22
Jason Lee,Alvin and the Chipmunks: Chipwrecked,2011-12-14
John Goodman,The Flintstones,1994-05-26
Amy Adams,Enchanted,2007-11-20
James Marsden,Enchanted,2007-11-20
Jim Carrey,Batman Forever,1995-05-31
Val Kilmer,Batman Forever,1995-05-31
Ben Kingsley,Prince of Persia: The Sands of Time,2010-05-19
Jake Gyllenhaal,Prince of Persia: The Sands of Time,2010-05-19
Nicolas Cage,The Rock,1996-06-06
Sean Connery,The Rock,1996-06-06
Ed Harris,The Rock,1996-06-06
Mark Ruffalo,Now You See Me 2,2016-06-02
Jesse Eisenberg,Now You See Me 2,2016-06-02
Woody Harrelson,Now You See Me 2,2016-06-02
Jude Law,Sherlock Holmes: A Game of Shadows,2011-11-22
Cate Blanchett,The Curious Case of Benjamin Button,2008-11-24
Robert De Niro,Meet the Parents,2000-10-06
Mila Kunis,Black Swan,2010-12-02
Morgan Freeman,Se7en,1995-09-22
Gwyneth Paltrow,Se7en,1995-09-22
Meryl Streep,The Devil Wears Prada,2006-06-30
Emily Blunt,The Devil Wears Prada,2006-06-30
Liam Neeson,Taken 3,2014-12-16
Forest Whitaker,Taken 3,2014-12-16
Mark Wahlberg,The Perfect Storm,2000-03-15
George Clooney,The Perfect Storm,2000-03-15
Diane Lane,The Perfect Storm,2000-03-15
Jim Carrey,A Christmas Carol,2009-11-04
Gary Oldman,A Christmas Carol,2009-11-04
Will Ferrell,Megamind,2010-10-28
Mel Gibson,Lethal Weapon 3,1992-05-15
Joe Pesci,Lethal Weapon 3,1992-05-15
Danny Glover,Lethal Weapon 3,1992-05-15
Liam Neeson,Schindler's List,1993-11-29
Ben Kingsley,Schindler's List,1993-11-29
Ralph Fiennes,Schindler's List,1993-11-29
Vera Farmiga,The Conjuring 2,2016-05-13
Patrick Wilson,The Conjuring 2,2016-05-13
Michael Douglas,Fatal Attraction,1987-09-11
Vera Farmiga,The Conjuring,2013-07-18
Patrick Wilson,The Conjuring,2013-07-18
Sandra Bullock,The Proposal,2009-06-01
Ryan Reynolds,The Proposal,2009-06-01
Eddie Murphy,Beverly Hills Cop,1984-11-29
Gary Oldman,Air Force One,1997-07-25
Joan Cusack,Chicken Little,2005-11-04
Jack Nicholson,As Good as It Gets,1997-12-19
Greg Kinnear,As Good as It Gets,1997-12-19
Russell Crowe,A Beautiful Mind,2001-12-11
Ed Harris,A Beautiful Mind,2001-12-11
Jennifer Connelly,A Beautiful Mind,2001-12-11
Sylvester Stallone,The Expendables 2,2012-08-08
Jason Statham,The Expendables 2,2012-08-08
George Clooney,Ocean's Thirteen,2007-06-07
Mike Myers,Austin Powers: The Spy Who Shagged Me,1999-06-08
Cate Blanchett,Robin Hood,2010-05-12
Russell Crowe,Robin Hood,2010-05-12
Robert De Niro,Little Fockers,2010-12-21
Owen Wilson,Little Fockers,2010-12-21
John Travolta,Bolt,2008-11-21
Mel Gibson,Ransom,1996-11-08
Julia Roberts,Runaway Bride,1999-07-30
Richard Gere,Runaway Bride,1999-07-30
Joan Cusack,Runaway Bride,1999-07-30
Sandra Bullock,The Blind Side,2009-11-20
Jude Law,Rise of the Guardians,2012-11-21
Chris Pine,Rise of the Guardians,2012-11-21
Alec Baldwin,Rise of the Guardians,2012-11-21
Renée Zellweger,Chicago,2002-12-26
Catherine Zeta-Jones,Chicago,2002-12-26
Queen Latifah,Chicago,2002-12-26
Jackie Chan,Mulan,1998-06-18
Channing Tatum,G.I. Joe: The Rise of Cobra,2009-08-04
Dennis Quaid,G.I. Joe: The Rise of Cobra,2009-08-04
Ralph Fiennes,Wrath of the Titans,2012-03-27
Julia Roberts,Hook,1991-12-11
Robin Williams,Hook,1991-12-11
Dustin Hoffman,Hook,1991-12-11
Sylvester Stallone,Rambo: First Blood Part II,1985-05-21
Milla Jovovich,Resident Evil: Afterlife,2010-09-09
Julia Roberts,My Best Friend's Wedding,1997-06-19
Patrick Stewart,X-Men,2000-07-13
Kate Winslet,Insurgent,2015-03-18
Mark Ruffalo,Shutter Island,2010-02-18
Ben Kingsley,Shutter Island,2010-02-18
Angelina Jolie,Salt,2010-07-21
Penélope Cruz,G-Force,2009-07-21
Sam Rockwell,G-Force,2009-07-21
Jack Nicholson,The Departed,2006-10-05
Gwyneth Paltrow,Shakespeare in Love,1998-12-11
Geoffrey Rush,Shakespeare in Love,1998-12-11
Chris Evans,Fantastic 4: Rise of the Silver Surfer,2007-06-13
Jessica Alba,Fantastic 4: Rise of the Silver Surfer,2007-06-13
Kate Winslet,Divergent,2014-03-14
Kristen Wiig,Bridesmaids,2011-04-28
Rose Byrne,Bridesmaids,2011-04-28
Bill Pullman,Casper,1995-05-26
Renée Zellweger,Bee Movie,2007-10-28
Christopher Plummer,The Sound of Music,1965-03-02
Morgan Freeman,Oblivion,2013-04-10
Jodie Foster,Elysium,2013-08-07
Joe Pesci,Lethal Weapon 4,1998-07-10
Danny Glover,Lethal Weapon 4,1998-07-10
Samantha Morton,John Carter,2012-03-07
Ryan Reynolds,Turbo,2013-07-11
Paul Giamatti,Turbo,2013-07-11
Renée Zellweger,Bridget Jones's Diary,2001-04-13
Hugh Grant,Bridget Jones's Diary,2001-04-13
Colin Firth,Bridget Jones's Diary,2001-04-13
Michael Keaton,Batman Returns,1992-06-19
Michelle Pfeiffer,Batman Returns,1992-06-19
Danny DeVito,Batman Returns,1992-06-19
Samuel L. Jackson,xXx,2002-08-09
Vin Diesel,xXx,2002-08-09
Rachel Weisz,The Bourne Legacy,2012-08-08
Edward Norton,The Bourne Legacy,2012-08-08
Sarah Michelle Gellar,Scooby-Doo,2002-06-14
Freddie Prinze Jr.,Scooby-Doo,2002-06-14
Jon Voight,Lara Croft: Tomb Raider,2001-06-11
Sylvester Stallone,The Expendables,2010-08-03
Jason Statham,The Expendables,2010-08-03
Renée Zellweger,Jerry Maguire,1996-12-06
Cuba Gooding Jr.,Jerry Maguire,1996-12-06
Martin Lawrence,Bad Boys II,2003-07-18
Anthony Hopkins,The Silence of the Lambs,1991-02-01
Jodie Foster,The Silence of the Lambs,1991-02-01
Adam Sandler,Grown Ups,2010-06-24
Salma Hayek,Grown Ups,2010-06-24
Maria Bello,Grown Ups,2010-06-24
Gene Hackman,The Firm,1993-06-30
Jennifer Aniston,We're the Millers,2013-08-07
Clint Eastwood,Gran Torino,2008-12-09
Colin Farrell,Epic,2013-05-15
Seth Rogen,Neighbors,2014-05-08
Rose Byrne,Neighbors,2014-05-08
Zac Efron,Neighbors,2014-05-08
Christian Bale,Exodus: Gods and Kings,2014-12-03
John Turturro,Exodus: Gods and Kings,2014-12-03
Keanu Reeves,Something's Gotta Give,2003-12-12
Jack Nicholson,Something's Gotta Give,2003-12-12
Diane Keaton,Something's Gotta Give,2003-12-12
John Cusack,The Prince,2014-08-22
Denzel Washington,American Gangster,2007-11-02
Kevin Costner,Waterworld,1995-07-28
Laura Linney,The Truman Show,1998-06-04
Drew Barrymore,Charlie's Angels,2000-11-02
Gary Oldman,The Fifth Element,1997-05-07
Arnold Schwarzenegger,Total Recall,1990-06-01
Ewan McGregor,Robots,2005-03-10
Robin Williams,Robots,2005-03-10
Halle Berry,Robots,2005-03-10
Nicole Kidman,Paddington,2014-11-27
Drew Barrymore,Charlie's Angels: Full Throttle,2003-06-27
Morgan Freeman,Wanted,2008-06-19
James McAvoy,Wanted,2008-06-19
Jackie Chan,Rush Hour 3,2007-08-08
Joaquin Phoenix,The Village,2004-07-30
Adrien Brody,The Village,2004-07-30
Aaron Eckhart,Erin Brockovich,2000-03-17
Sylvester Stallone,Cliffhanger,1993-05-28
Hugh Grant,Four Weddings and a Funeral,1994-03-09
Bradley Cooper,The Hangover Part II,2011-05-25
John Travolta,Wild Hogs,2007-03-02
Tim Allen,Wild Hogs,2007-03-02
Martin Lawrence,Wild Hogs,2007-03-02
Jeff Bridges,True Grit,2010-12-22
Josh Brolin,True Grit,2010-12-22
Amy Adams,American Hustle,2013-12-12
Bradley Cooper,American Hustle,2013-12-12
Meg Ryan,You've Got Mail,1998-12-17
Gene Hackman,Enemy of the State,1998-11-20
Jon Voight,Enemy of the State,1998-11-20
Antonio Banderas,The Mask of Zorro,1998-07-16
Catherine Zeta-Jones,The Mask of Zorro,1998-07-16
Anthony Hopkins,The Mask of Zorro,1998-07-16
Anna Faris,Cloudy with a Chance of Meatballs 2,2013-09-26
James Caan,Cloudy with a Chance of Meatballs 2,2013-09-26
Samuel L. Jackson,Unbreakable,2000-11-13
Jeff Daniels,Dumb and Dumber,1994-12-16
Adam Sandler,Grown Ups 2,2013-07-11
Chris Rock,Grown Ups 2,2013-07-11
Nicolas Cage,Face/Off,1997-06-27
John Travolta,Face/Off,1997-06-27
Helena Bonham Carter,Dark Shadows,2012-05-08
Michelle Pfeiffer,Dark Shadows,2012-05-08
Jennifer Connelly,Hulk,2003-06-19
Al Pacino,The Godfather,1972-03-14
James Caan,The Godfather,1972-03-14
Keira Knightley,Love Actually,2003-09-07
Owen Wilson,Marley & Me,2008-12-25
Jennifer Aniston,Marley & Me,2008-12-25
Adam Sandler,Pixels,2015-07-16
Dwayne Johnson,Hercules,2014-07-23
John Hurt,Hercules,2014-07-23
Jack Nicholson,A Few Good Men,1992-12-11
Demi Moore,A Few Good Men,1992-12-11
Anna Faris,Cloudy with a Chance of Meatballs,2009-09-17
James Caan,Cloudy with a Chance of Meatballs,2009-09-17
Mark Wahlberg,Daddy's Home,2015-12-25
Will Ferrell,Daddy's Home,2015-12-25
Michael Keaton,RoboCop,2014-01-30
James Caan,Eraser,1996-06-21
Milla Jovovich,Resident Evil: Retribution,2012-09-12
Kate Beckinsale,Click,2006-06-22
Christopher Walken,Click,2006-06-22
Jack Black,Gulliver's Travels,2010-12-25
Emily Blunt,Gulliver's Travels,2010-12-25
Nicolas Cage,Gone in Sixty Seconds,2000-06-09
Paul Walker,2 Fast 2 Furious,2003-06-05
Eva Mendes,2 Fast 2 Furious,2003-06-05
Ethan Hawke,Dead Poets Society,1989-06-02
Seann William Scott,American Reunion,2012-04-04
Jason Lee,Alvin and the Chipmunks: The Road Chip,2015-12-17
Justin Long,Alvin and the Chipmunks: The Road Chip,2015-12-17
Keira Knightley,The Imitation Game,2014-11-14
Jennifer Connelly,The Day the Earth Stood Still,2008-12-10
Ralph Fiennes,Clash of the Titans,2010-04-01
Christopher Plummer,The Girl with the Dragon Tattoo,2011-12-14
Ben Affleck,Argo,2012-10-11
Ralph Fiennes,The English Patient,1996-11-14
Willem Dafoe,The English Patient,1996-11-14
Seann William Scott,American Wedding,2003-08-01
Jennifer Garner,Juno,2007-12-05
Steve Carell,Get Smart,2008-06-19
Kristen Wiig,Ghostbusters,2016-07-14
Julianne Moore,The Lost World: Jurassic Park,1997-05-23
Eva Mendes,Ghost Rider,2007-02-16
Seth Rogen,The Green Hornet,2011-01-12
Mickey Rourke,Immortals,2011-11-10
Logan Lerman,Percy Jackson & the Olympians: The Lightning Thief,2010-02-01
Zooey Deschanel,Yes Man,2008-12-09
Jesse Eisenberg,The Social Network,2010-09-30
Justin Timberlake,The Social Network,2010-09-30
John Cusack,Con Air,1997-06-01
John Malkovich,Con Air,1997-06-01
Kirsten Dunst,Interview with the Vampire,1994-11-11
Jodie Foster,Flightplan,2005-09-22
Julianne Moore,Non-Stop,2014-01-26
Hayden Christensen,Jumper,2008-02-10
Kevin Kline,Wild Wild West,1999-06-29
Ryan Reynolds,Green Lantern,2011-06-16
Catherine Zeta-Jones,The Terminal,2004-06-17
Meryl Streep,It's Complicated,2009-12-23
Alec Baldwin,It's Complicated,2009-12-23
Steve Martin,It's Complicated,2009-12-23
Seth Rogen,Knocked Up,2007-06-01
Leslie Mann,Knocked Up,2007-06-01
Ralph Fiennes,The Prince of Egypt,1998-12-15
Patrick Stewart,The Prince of Egypt,1998-12-15
Val Kilmer,The Prince of Egypt,1998-12-15
Jamie Foxx,Collateral,2004-08-04
Morgan Freeman,Million Dollar Baby,2004-12-15
Clint Eastwood,Million Dollar Baby,2004-12-15
Danny DeVito,Twins,1988-12-09
Bradley Cooper,Valentine's Day,2010-02-10
Jessica Alba,Valentine's Day,2010-02-10
Jason Segel,Bad Teacher,2011-05-16
Justin Timberlake,Bad Teacher,2011-05-16
Willem Dafoe,Clear and Present Danger,1994-08-03
Anthony Hopkins,Dracula,1992-11-13
Winona Ryder,Dracula,1992-11-13
Heath Ledger,The Patriot,2000-06-28
Jennifer Aniston,Just Go with It,2011-02-10
Nicole Kidman,Just Go with It,2011-02-10
Michael Douglas,Disclosure,1994-12-09
Demi Moore,Disclosure,1994-12-09
Donald Sutherland,Disclosure,1994-12-09
John Travolta,Pulp Fiction,1994-10-08
Uma Thurman,Pulp Fiction,1994-10-08
Meryl Streep,Into the Woods,2014-12-25
Emily Blunt,Into the Woods,2014-12-25
Guy Pearce,Bedtime Stories,2008-12-24
Sean Connery,Entrapment,1999-04-29
Catherine Zeta-Jones,Entrapment,1999-04-29
Will Patton,Entrapment,1999-04-29
Michael Caine,Miss Congeniality,2000-12-14
Gabriel Byrne,End of Days,1999-11-24
Shia LaBeouf,Fury,2014-10-15
Logan Lerman,Fury,2014-10-15
Anthony Hopkins,Red Dragon,2002-09-29
Edward Norton,Red Dragon,2002-09-29
Denzel Washington,Safe House,2012-02-09
Vera Farmiga,Safe House,2012-02-09
Michael Douglas,Traffic,2000-12-27
Vin Diesel,The Fast and the Furious,2001-06-22
Paul Walker,The Fast and the Furious,2001-06-22
Denzel Washington,Philadelphia,1993-12-22
Sylvester Stallone,The Expendables 3,2014-08-04
Jason Statham,The Expendables 3,2014-08-04
Gerard Butler,London Has Fallen,2016-03-02
Aaron Eckhart,London Has Fallen,2016-03-02
Robert De Niro,Silver Linings Playbook,2012-09-08
Kevin Costner,JFK,1991-12-20
Jamie Foxx,White House Down,2013-06-27
Channing Tatum,White House Down,2013-06-27
Gerard Butler,The Ugly Truth,2009-07-24
Jennifer Aniston,The Break-Up,2006-06-01
Vince Vaughn,The Break-Up,2006-06-01
James Franco,Eat Pray Love,2010-08-12
Javier Bardem,Eat Pray Love,2010-08-12
Jake Gyllenhaal,Everest,2015-09-10
Josh Brolin,Everest,2015-09-10
Penélope Cruz,Vanilla Sky,2001-12-10
Aaron Eckhart,Battle: Los Angeles,2011-03-08
Philip Seymour Hoffman,Patch Adams,1998-12-25
Alec Baldwin,Fun with Dick and Jane,2005-12-21
Téa Leoni,Fun with Dick and Jane,2005-12-21
John Turturro,You Don't Mess with the Zohan,2008-06-05
Channing Tatum,21 Jump Street,2012-03-12
Jonah Hill,21 Jump Street,2012-03-12
Anna Faris,Yogi Bear,2010-12-11
Justin Timberlake,Yogi Bear,2010-12-11
Dan Aykroyd,Yogi Bear,2010-12-11
Bill Murray,Garfield,2004-06-10
Sean Connery,The Hunt for Red October,1990-03-02
Alec Baldwin,The Hunt for Red October,1990-03-02
Meg Ryan,City of Angels,1998-04-10
Martin Lawrence,Open Season,2006-09-29
Ashton Kutcher,Open Season,2006-09-29
Antonio Banderas,Spy Kids 3-D: Game Over,2003-07-25
Carla Gugino,Spy Kids 3-D: Game Over,2003-07-25
Leslie Mann,The Other Woman,2014-04-16
Drew Barrymore,50 First Dates,2004-02-13
Forest Whitaker,Panic Room,2002-03-29
Jodie Foster,Panic Room,2002-03-29
Sam Neill,The Vow,2012-02-05
Channing Tatum,The Vow,2012-02-05
Rachel McAdams,The Vow,2012-02-05
Anthony Hopkins,Beowulf,2007-11-05
Denzel Washington,The Pelican Brief,1993-12-16
Kate Winslet,The Holiday,2006-12-08
Jude Law,The Holiday,2006-12-08
Helena Bonham Carter,The Curse of the Were-Rabbit,2005-09-04
Denzel Washington,The Equalizer,2014-09-24
Gene Hackman,Superman II,1980-12-04
Chris Rock,The Longest Yard,2005-05-19
Josh Brolin,Hollow Man,2000-08-04
Kevin Bacon,Hollow Man,2000-08-04
Steve Martin,Cheaper by the Dozen,2003-12-24
Tim Allen,The Santa Clause,1994-11-10
Channing Tatum,22 Jump Street,2014-06-05
Jonah Hill,22 Jump Street,2014-06-05
Carla Gugino,Mr. Popper's Penguins,2011-06-17
Michael Fassbender,12 Years a Slave,2013-10-18
Sam Neill,The Horse Whisperer,1998-05-14
Robert Redford,The Horse Whisperer,1998-05-14
Reese Witherspoon,Walk the Line,2005-09-13
Joaquin Phoenix,Walk the Line,2005-09-13
Ben Kingsley,Hugo,2011-11-22
Carla Gugino,Watchmen,2009-03-05
Jodie Foster,Inside Man,2006-03-23
Clive Owen,Inside Man,2006-03-23
Mila Kunis,Jupiter Ascending,2015-02-04
James Marsden,Hop,2011-03-30
Mila Kunis,Bad Moms,2016-07-28
Sarah Michelle Gellar,The Grudge,2004-10-22
Sigourney Weaver,Aliens,1986-07-18
Nick Nolte,Cape Fear,1991-11-15
Meryl Streep,The Bridges of Madison County,1995-05-28
Clint Eastwood,The Bridges of Madison County,1995-05-28
John Travolta,Grease,1978-07-07
Kurt Russell,Poseidon,2006-05-12
Sarah Michelle Gellar,Scooby-Doo 2: Monsters Unleashed,2004-03-24
Freddie Prinze Jr.,Scooby-Doo 2: Monsters Unleashed,2004-03-24
Jennifer Jason Leigh,Road to Perdition,2002-07-12
Uma Thurman,Kill Bill: Vol. 1,2003-10-10
Reese Witherspoon,Sweet Home Alabama,2002-09-26
Naomi Watts,The Impossible,2012-09-09
Sean Connery,The League of Extraordinary Gentlemen,2003-07-11
John Leguizamo,Moulin Rouge!,2001-03-09
Nicole Kidman,Moulin Rouge!,2001-03-09
Anna Faris,Scary Movie 4,2006-04-13
Rosario Dawson,Eagle Eye,2008-09-25
Jake Gyllenhaal,Brokeback Mountain,2005-09-02
Heath Ledger,Brokeback Mountain,2005-09-02
Ashley Judd,Double Jeopardy,1999-09-24
Jet Li,Hero,2002-12-19
Matthew McConaughey,How to Lose a Guy in 10 Days,2003-02-07
Kate Hudson,How to Lose a Guy in 10 Days,2003-02-07
Drew Barrymore,He's Just Not That Into You,2009-02-06
Charlize Theron,The Italian Job,2003-05-30
Edward Norton,The Italian Job,2003-05-30
Logan Lerman,Percy Jackson: Sea of Monsters,2013-08-07
Jason Bateman,Identity Thief,2013-02-07
Martin Lawrence,Big Momma's House,2000-05-31
Paul Giamatti,Big Momma's House,2000-05-31
Nia Long,Big Momma's House,2000-05-31
Justin Timberlake,In Time,2011-10-27
Cillian Murphy,In Time,2011-10-27
Steve Carell,Anchorman 2: The Legend Continues,2013-12-18
Will Ferrell,Anchorman 2: The Legend Continues,2013-12-18
Paul Rudd,Anchorman 2: The Legend Continues,2013-12-18
Will Ferrell,Elf,2003-10-09
James Caan,Elf,2003-10-09
Zooey Deschanel,Elf,2003-10-09
Jude Law,Cold Mountain,2003-12-24
Nicole Kidman,Cold Mountain,2003-12-24
John Goodman,Evan Almighty,2007-06-09
Josh Hartnett,Black Hawk Down,2001-12-28
Philip Seymour Hoffman,Along Came Polly,2004-01-16
Vince Vaughn,Couples Retreat,2009-09-19
Jason Bateman,Couples Retreat,2009-09-19
Dan Aykroyd,Antz,1998-10-02
Woody Allen,Antz,1998-10-02
Josh Brolin,No Country for Old Men,2007-11-08
Javier Bardem,No Country for Old Men,2007-11-08
John Turturro,Mr. Deeds,2002-06-28
Winona Ryder,Mr. Deeds,2002-06-28
Matthew McConaughey,Contact,1997-07-11
Jennifer Connelly,Blood Diamond,2006-12-07
Eva Mendes,The Other Guys,2010-08-06
Richard Gere,Shall We Dance?,2004-10-15
Jennifer Lopez,Shall We Dance?,2004-10-15
Susan Sarandon,Shall We Dance?,2004-10-15
Ashton Kutcher,What Happens in Vegas,2008-05-07
Rosario Dawson,Zookeeper,2011-07-06
Jeff Daniels,Dumb and Dumber To,2014-11-12
John Goodman,The Emperor's New Groove,2000-12-09
Rosario Dawson,Seven Pounds,2008-12-18
Chris Pine,Unstoppable,2010-11-04
Rosario Dawson,Unstoppable,2010-11-04
Vince Vaughn,DodgeBall: A True Underdog Story,2004-06-18
Val Kilmer,Alexander,2004-11-21
Colin Farrell,Alexander,2004-11-21
Matthew McConaughey,Magic Mike,2012-06-28
Kevin Bacon,Sleepers,1996-10-18
Amy Adams,The Muppets,2011-11-22
Emily Blunt,The Muppets,2011-11-22
Jason Segel,The Muppets,2011-11-22
Chris Hemsworth,The Huntsman: Winter's War,2016-04-06
Charlize Theron,The Huntsman: Winter's War,2016-04-06
Willem Dafoe,Speed 2: Cruise Control,1997-06-13
Steve Zahn,Daddy Day Care,2003-05-03
Reese Witherspoon,Four Christmases,2008-11-26
Vince Vaughn,Four Christmases,2008-11-26
Robert Duvall,Four Christmases,2008-11-26
Edward Norton,The Incredible Hulk,2008-06-12
Vera Farmiga,Up in the Air,2009-09-05
Zooey Deschanel,The Happening,2008-06-11
John C. Reilly,Talladega Nights: The Ballad of Ricky Bobby,2006-08-04
Scarlett Johansson,The Island,2005-07-20
Maria Bello,World Trade Center,2006-08-09
Sean Penn,The Interpreter,2005-04-08
Catherine Keener,The Interpreter,2005-04-08
Nick Nolte,The Spiderwick Chronicles,2008-02-14
Sigourney Weaver,Alien: Resurrection,1997-11-12
Winona Ryder,Alien: Resurrection,1997-11-12
Don Cheadle,Flight,2012-11-02
Naomi Watts,The Ring Two,2005-03-17
Aaron Eckhart,Olympus Has Fallen,2013-03-20
Angela Bassett,Olympus Has Fallen,2013-03-20
John Malkovich,Johnny English,2003-04-06
James Marsden,27 Dresses,2008-01-10
Kate Beckinsale,Underworld: Awakening,2012-01-19
Sigourney Weaver,Alien³,1992-05-22
Paul Newman,The Sting,1973-12-25
Robert Redford,The Sting,1973-12-25
Richard Gere,The Jackal,1997-11-14
Viggo Mortensen,Daylight,1996-12-06
Gene Hackman,Unforgiven,1992-08-07
Clint Eastwood,Unforgiven,1992-08-07
Jessica Alba,Sin City,2005-04-01
Clive Owen,Sin City,2005-04-01
Robert Duvall,Days of Thunder,1990-06-27
Gene Hackman,Crimson Tide,1995-05-12
Reese Witherspoon,This Means War,2012-02-14
Kevin Bacon,Mystic River,2003-10-07
Sean Penn,Mystic River,2003-10-07
Tim Robbins,Mystic River,2003-10-07
Kurt Russell,The Hateful Eight,2015-12-25
Jennifer Jason Leigh,The Hateful Eight,2015-12-25
Michelle Pfeiffer,What Lies Beneath,2000-07-21
Rose Byrne,Knowing,2009-03-19
Jamie Foxx,Dreamgirls,2006-12-25
Jennifer Lopez,Maid in Manhattan,2002-12-13
Jennifer Lopez,Monster-in-Law,2005-05-13
Patrick Wilson,The Phantom of the Opera,2004-12-08
Ice Cube,Ride Along,2014-01-07
Al Pacino,The Devil's Advocate,1997-10-17
Christopher Walken,A View to a Kill,1985-05-24
Matthew McConaughey,A Time to Kill,1996-07-24
Uma Thurman,Kill Bill: Vol. 2,2004-04-16
Forest Whitaker,Phenomenon,1996-07-05
Laura Linney,Congo,1995-06-09
Queen Latifah,The Bone Collector,1999-11-04
Dennis Quaid,Vantage Point,2008-02-01
Forest Whitaker,Vantage Point,2008-02-01
Rachel McAdams,Midnight in Paris,2011-05-11
Justin Timberlake,Friends with Benefits,2011-07-21
Elijah Wood,Happy Feet Two,2011-11-17
Patrick Stewart,Star Trek: First Contact,1996-11-21
Al Pacino,Jack and Jill,2011-11-11
Emile Hirsch,Lone Survivor,2013-12-24
Anthony Anderson,"Me, Myself & Irene",2000-06-22
Jeff Bridges,Surf's Up,2007-06-08
Zooey Deschanel,Surf's Up,2007-06-08
Milla Jovovich,Resident Evil: Extinction,2007-09-20
Jeff Bridges,Seabiscuit,2003-07-22
Antonio Banderas,Spy Kids,2001-03-18
Ashton Kutcher,No Strings Attached,2011-01-21
Kevin Kline,No Strings Attached,2011-01-21
Jake Gyllenhaal,Source Code,2011-03-30
Vera Farmiga,Source Code,2011-03-30
Halle Berry,Swordfish,2001-06-07
Danny Glover,The Color Purple,1985-12-18
Hugh Grant,Music and Lyrics,2007-02-09
Dan Aykroyd,Driving Miss Daisy,1989-12-13
Laura Linney,The Exorcism of Emily Rose,2005-09-09
Steve Buscemi,Charlotte's Web,2006-12-15
Robert Redford,Spy Game,2001-11-18
Julianne Moore,"Crazy, Stupid, Love.",2011-07-29
Ryan Gosling,"Crazy, Stupid, Love.",2011-07-29
Antonio Banderas,The Legend of Zorro,2005-10-24
Ashton Kutcher,New Year's Eve,2011-12-08
Luke Wilson,Legally Blonde,2001-07-13
Bill Murray,Garfield: A Tail of Two Kitties,2006-06-15
Halle Berry,Gothika,2003-11-21
Martin Lawrence,Bad Boys,1995-04-07
Téa Leoni,Bad Boys,1995-04-07
Anna Faris,Scary Movie 2,2001-07-04
Gwyneth Paltrow,Shallow Hal,2001-11-01
Seth Rogen,Sausage Party,2016-07-11
Jonah Hill,Sausage Party,2016-07-11
Robert Duvall,Deep Impact,1998-05-08
Téa Leoni,Deep Impact,1998-05-08
Steve Buscemi,Monster House,2006-07-21
John Cusack,Anastasia,1997-11-20
Meg Ryan,Anastasia,1997-11-20
Willem Dafoe,Platoon,1986-12-18
Nia Long,Big Momma's House 2,2006-01-26
Kate Winslet,Contagion,2011-09-08
Patrick Stewart,Conspiracy Theory,1997-08-07
Jon Voight,Anaconda,1997-04-11
Jennifer Lopez,Anaconda,1997-04-11
Ice Cube,Anaconda,1997-04-11
Al Pacino,The Godfather: Part III,1990-12-24
Diane Keaton,The Godfather: Part III,1990-12-24
Will Patton,Remember the Titans,2000-09-29
Leslie Mann,17 Again,2009-03-11
Zac Efron,17 Again,2009-03-11
Michelle Pfeiffer,Stardust,2007-08-09
Hugh Grant,Sense and Sensibility,1995-12-13
Michael Douglas,Wall Street: Money Never Sleeps,2010-09-02
Rose Byrne,Annie,2014-12-19
Ryan Gosling,The Big Short,2015-12-11
Steve Martin,Bringing Down the House,2003-03-07
Queen Latifah,Bringing Down the House,2003-03-07
Milla Jovovich,The Three Musketeers,2011-08-31
Logan Lerman,The Three Musketeers,2011-08-31
Paula Patton,2 Guns,2013-08-02
Joan Cusack,School of Rock,2003-10-03
Jim Broadbent,Cloud Atlas,2012-10-26
Kate Hudson,"You, Me and Dupree",2006-07-14
Matt Dillon,"You, Me and Dupree",2006-07-14
Milla Jovovich,Resident Evil: Apocalypse,2004-09-10
Keira Knightley,Atonement,2007-08-29
James McAvoy,Atonement,2007-08-29
Steve Martin,Cheaper by the Dozen 2,2005-12-21
Rachel McAdams,Mean Girls,2004-04-30
Toni Collette,About a Boy,2002-04-26
Clint Eastwood,Space Cowboys,2000-07-31
Donald Sutherland,Space Cowboys,2000-07-31
Robert Redford,Out of Africa,1985-12-20
John C. Reilly,Step Brothers,2008-07-25
Jackie Chan,The Forbidden Kingdom,2008-04-18
Jet Li,The Forbidden Kingdom,2008-04-18
Harvey Keitel,U-571,2000-04-20
Richard Gere,First Knight,1995-07-07
Scarlett Johansson,Lucy,2014-07-14
Justin Long,Walking With Dinosaurs,2013-12-18
Laurence Fishburne,Predators,2010-07-03
Kevin Spacey,L.A. Confidential,1997-09-19
Guy Pearce,L.A. Confidential,1997-09-19
Danny DeVito,L.A. Confidential,1997-09-19
Jason Segel,Sex Tape,2014-07-17
Jonah Hill,This Is the End,2013-06-12
Sarah Michelle Gellar,I Know What You Did Last Summer,1997-10-17
Ryan Phillippe,I Know What You Did Last Summer,1997-10-17
Ice Cube,Ride Along 2,2016-01-14
Emma Stone,The Help,2011-08-09
Forest Whitaker,"Good Morning, Vietnam",1987-12-23
Guy Pearce,The Time Machine,2002-03-04
Helen Mirren,The Queen,2006-09-15
Jim Caviezel,Escape Plan,2013-10-09
Colin Firth,Nanny McPhee,2005-10-21
Kurt Russell,Executive Decision,1996-03-15
John Cusack,Dragon Blade,2015-02-19
Jackie Chan,Dragon Blade,2015-02-19
Adrien Brody,Dragon Blade,2015-02-19
Paul Walker,Eight Below,2006-02-17
Scarlett Johansson,We Bought a Zoo,2011-12-22
Adrien Brody,The Pianist,2002-09-24
Marisa Tomei,Parental Guidance,2012-12-25
Seann William Scott,Road Trip,2000-05-19
Bill Murray,Lost in Translation,2003-08-31
Penélope Cruz,Sahara,2005-04-06
Steve Zahn,Sahara,2005-04-06
Diane Lane,Unfaithful,2002-05-10
Philip Seymour Hoffman,Charlie Wilson's War,2007-12-19
Paul Newman,Message in a Bottle,1999-02-22
Val Kilmer,The Saint,1997-04-03
Carrie-Anne Moss,Pompeii,2014-02-18
Carrie-Anne Moss,Disturbia,2007-04-12
Luke Wilson,Blue Streak,1999-09-17
Mark Ruffalo,Now You See Me,2013-05-29
Jesse Eisenberg,Now You See Me,2013-05-29
Woody Harrelson,Now You See Me,2013-05-29
Susan Sarandon,The Client,1994-07-20
Heath Ledger,A Knight's Tale,2001-05-11
Helena Bonham Carter,Corpse Bride,2005-09-09
Jason Bateman,Horrible Bosses,2011-07-08
Sam Neill,The Piano,1993-05-19
Harvey Keitel,The Piano,1993-05-19
Annette Bening,The Siege,1998-11-06
Colin Farrell,S.W.A.T.,2003-08-08
Diane Keaton,The First Wives Club,1996-09-20
Joe Pesci,Casino,1995-11-22
Rachel McAdams,The Notebook,2004-06-25
Ryan Gosling,The Notebook,2004-06-25
Dennis Quaid,DragonHeart,1996-05-31
Dan Aykroyd,The Blues Brothers,1980-06-17
Kate Hudson,Bride Wars,2009-01-09
Greg Kinnear,We Were Soldiers,2002-03-01
Julianne Moore,Seventh Son,2014-12-12
Al Pacino,Insomnia,2002-05-24
Demi Moore,Striptease,1996-06-28
John Malkovich,Changeling,2008-01-30
Paul Giamatti,Saving Mr. Banks,2013-11-16
James Marsden,Cats & Dogs 2 : The Revenge of Kitty Galore,2010-07-30
Nick Nolte,Cats & Dogs 2 : The Revenge of Kitty Galore,2010-07-30
Kate Beckinsale,Underworld: Evolution,2006-01-12
Kate Hudson,Fool's Gold,2008-02-07
Donald Sutherland,Fool's Gold,2008-02-07
Seann William Scott,The Dukes of Hazzard,2005-08-05
Philip Seymour Hoffman,Moneyball,2011-09-22
Woody Harrelson,Free Birds,2013-10-30
Michael Caine,The Prestige,2006-10-19
Joseph Gordon-Levitt,Treasure Planet,2002-11-26
Paul Giamatti,Sideways,2004-10-22
Paul Rudd,The 40 Year Old Virgin,2005-08-11
Catherine Keener,The 40 Year Old Virgin,2005-08-11
Sean Penn,The Game,1997-09-12
Danny DeVito,One Flew Over the Cuckoo's Nest,1975-11-18
Rose Byrne,Neighbors 2: Sorority Rising,2016-05-04
Zac Efron,Neighbors 2: Sorority Rising,2016-05-04
Paul Giamatti,Cinderella Man,2005-06-02
Viggo Mortensen,Hidalgo,2004-03-05
Ice Cube,Three Kings,1999-09-27
Annette Bening,The American President,1995-11-17
Jason Bateman,Horrible Bosses 2,2014-11-26
Heath Ledger,The Brothers Grimm,2005-08-26
Ryan Gosling,Gangster Squad,2013-01-10
Nick Nolte,Gangster Squad,2013-01-10
Jason Segel,Forgetting Sarah Marshall,2008-04-17
Seann William Scott,Planet 51,2009-11-19
Sigourney Weaver,Alien,1979-05-25
Ethan Hawke,Training Day,2001-10-05
Zooey Deschanel,The Hitchhiker's Guide to the Galaxy,2005-01-15
Sam Rockwell,The Hitchhiker's Guide to the Galaxy,2005-01-15
Jennifer Lopez,The Cell,2000-08-17
Danny Glover,Saw,2004-10-01
Emma Stone,Birdman,2014-08-27
Michael Keaton,Birdman,2014-08-27
Freddie Prinze Jr.,She's All That,1999-01-29
Matthew Broderick,The Cable Guy,1996-06-10
Woody Harrelson,Zombieland,2009-10-07
Paul Newman,Butch Cassidy and the Sundance Kid,1969-09-23
Robert Redford,Butch Cassidy and the Sundance Kid,1969-09-23
Robert Duvall,John Q,2002-02-15
Matthew Broderick,The Stepford Wives,2004-06-10
Kate Beckinsale,The Aviator,2004-12-17
Brendan Fraser,Journey to the Center of the Earth,2008-07-10
Jean-Claude Van Damme,Timecop,1994-09-15
Ashton Kutcher,Just Married,2003-01-09
Annette Bening,Mars Attacks!,1996-12-12
Greg Kinnear,Heaven is for Real,2014-04-16
Meg Ryan,Courage Under Fire,1996-07-04
Edward Norton,Fight Club,1999-10-15
Jennifer Garner,"Alexander and the Terrible, Horrible, No Good, Very Bad Day",2014-10-08
Susan Sarandon,Tammy,2014-07-02
Toni Collette,Little Miss Sunshine,2006-07-26
Greg Kinnear,Little Miss Sunshine,2006-07-26
Dennis Quaid,Any Given Sunday,1999-12-16
Demi Moore,The Hunchback of Notre Dame,1996-06-21
Catherine Keener,Where the Wild Things Are,2009-10-16
Abigail Breslin,Nim's Island,2008-04-03
Jean-Claude Van Damme,Street Fighter,1994-12-22
Zac Efron,The Lucky One,2012-04-19
Alec Baldwin,Blue Jasmine,2013-07-25
Don Cheadle,Crash,2004-01-13
Matt Dillon,Crash,2004-01-13
Salma Hayek,Once Upon a Time in Mexico,2003-09-11
Adrien Brody,The Thin Red Line,1998-12-25
Jim Caviezel,The Thin Red Line,1998-12-25
Sean Penn,The Thin Red Line,1998-12-25
Ice Cube,Are We There Yet?,2005-01-20
Nia Long,Are We There Yet?,2005-01-20
Colin Farrell,Phone Booth,2002-09-09
Kiefer Sutherland,Phone Booth,2002-09-09
Paul Rudd,The Little Prince,2015-07-29
Zoe Saldana,The Book of Life,2014-10-01
Patrick Wilson,Insidious,2010-09-13
Ed Harris,Enemy at the Gates,2001-03-13
Rachel Weisz,Enemy at the Gates,2001-03-13
Joaquin Phoenix,8MM,1999-02-26
Jennifer Garner,13 Going on 30,2004-04-13
Javier Bardem,Vicky Cristina Barcelona,2008-08-15
Uma Thurman,Paycheck,2003-12-25
Abigail Breslin,My Sister's Keeper,2009-06-26
Danny Glover,Shooter,2007-03-22
Sarah Michelle Gellar,TMNT,2007-03-23
Ashley Judd,Dolphin Tale,2011-09-23
Uma Thurman,Be Cool,2005-03-04
Catherine Keener,Captain Phillips,2013-10-10
Greg Kinnear,Green Zone,2010-03-11
Zac Efron,Dirty Grandpa,2016-01-21
Emile Hirsch,Speed Racer,2008-05-09
Cillian Murphy,In the Heart of the Sea,2015-11-20
Rachel Weisz,The Lovely Bones,2009-12-26
Susan Sarandon,The Lovely Bones,2009-12-26
John Turturro,Secret Window,2004-03-12
Meg Ryan,When Harry Met Sally...,1989-07-21
Abigail Breslin,No Reservations,2007-07-25
Michelle Pfeiffer,I Am Sam,2001-12-28
Sean Penn,I Am Sam,2001-12-28
Paul Rudd,Role Models,2008-02-03
Elizabeth Banks,Role Models,2008-02-03
Kate Hudson,The Skeleton Key,2005-07-29
Julia Stiles,Save the Last Dance,2001-01-12
Jet Li,Romeo Must Die,2000-03-20
Justin Long,Drag Me to Hell,2009-03-15
Tyler Perry,Madea Goes to Jail,2009-02-16
Christopher Walken,Hairspray,2007-07-13
Kirsten Dunst,Bring It On,2000-08-25
Dan Aykroyd,Trading Places,1983-06-07
Brendan Fraser,Bedazzled,2000-10-19
Ed Harris,The Abyss,1989-08-09
Robert Duvall,Apocalypse Now,1979-08-15
Ethan Hawke,The Purge,2013-05-31
Helen Mirren,The Hundred-Foot Journey,2014-08-06
Clive Owen,Gosford Park,2001-11-07
Helen Mirren,Gosford Park,2001-11-07
Jon Voight,Ali,2001-12-11
Luke Wilson,Old School,2003-02-21
Jennifer Garner,The Kingdom,2007-08-22
Kurt Russell,Sky High,2005-07-29
Penélope Cruz,Volver,2006-03-16
Jessica Alba,Spy Kids: All the Time in the World,2011-08-18
Cuba Gooding Jr.,Rat Race,2001-07-30
Marisa Tomei,The Lincoln Lawyer,2011-03-17
Ryan Phillippe,The Lincoln Lawyer,2011-03-17
Bill Murray,Stripes,1981-06-25
Jason Statham,Transporter 2,2005-08-02
Donald Sutherland,Final Fantasy: The Spirits Within,2001-07-02
Jason Statham,Snatch,2000-09-01
Cillian Murphy,28 Days Later,2002-10-31
Julianne Moore,Carrie,2013-10-16
Geoffrey Rush,Elizabeth,1998-09-13
Rosario Dawson,The Rundown,2003-09-26
Jim Broadbent,Hot Fuzz,2007-02-14
Kevin Bacon,Footloose,1984-02-17
Elizabeth Banks,What to Expect When You're Expecting,2012-05-17
Matthew Broderick,WarGames,1983-06-03
Ryan Gosling,Drive,2011-08-06
Kiefer Sutherland,The Sentinel,2006-04-19
Ethan Hawke,Sinister,2012-03-29
Logan Lerman,The Number 23,2007-02-23
Jennifer Garner,Miracles from Heaven,2016-03-17
Geoffrey Rush,The Book Thief,2013-11-08
Billy Bob Thornton,Bad Santa,2003-11-26
Kevin Kline,The Road to El Dorado,2000-03-31
Ethan Hawke,The Newton Boys,1998-03-26
Ryan Phillippe,Cruel Intentions,1999-03-05
Anthony Anderson,Barbershop,2002-04-01
Jason Lee,Dreamcatcher,2003-03-21
Thomas Jane,Dreamcatcher,2003-03-21
Josh Hartnett,30 Days of Night,2007-10-17
Guy Pearce,The Count of Monte Cristo,2002-01-23
Jim Caviezel,The Count of Monte Cristo,2002-01-23
Nick Nolte,The Prince of Tides,1991-12-25
Brendan Fraser,Escape from Planet Earth,2013-02-14
Clive Owen,Elizabeth: The Golden Age,2007-09-09
Thomas Jane,Deep Blue Sea,1999-07-28
Winona Ryder,Beetlejuice,1988-02-29
Woody Allen,To Rome with Love,2012-04-20
Salma Hayek,Here Comes the Boom,2012-10-11
Don Cheadle,Hotel for Dogs,2009-01-16
Jet Li,The One,2001-11-02
Paula Patton,Mirrors,2008-08-15
Kiefer Sutherland,Mirrors,2008-08-15
John Turturro,"O Brother, Where Art Thou?",2000-08-30
John Malkovich,RED,2010-10-13
Helen Mirren,RED,2010-10-13
Terrence Howard,The Best Man Holiday,2013-11-15
Morris Chestnut,The Best Man Holiday,2013-11-15
Cuba Gooding Jr.,What Dreams May Come,1998-10-02
Javier Bardem,The Counselor,2013-10-25
Clive Owen,Children of Men,2006-09-22
Kevin Spacey,21,2008-03-27
Kate Bosworth,21,2008-03-27
Diane Keaton,Because I Said So,2007-02-02
Hayden Christensen,Takers,2010-08-26
Matt Dillon,Takers,2010-08-26
Zoe Saldana,Guess Who,2005-03-25
Thomas Jane,The Sweetest Thing,2002-04-12
Abigail Breslin,The Call,2013-03-14
Morris Chestnut,The Call,2013-03-14
Gabriel Byrne,Ghost Ship,2002-10-25
Jim Caviezel,Frequency,2000-04-28
Billy Bob Thornton,Bandits,2001-10-12
Christopher Walken,Jersey Boys,2014-06-05
Matt Dillon,Wild Things,1998-03-20
Winona Ryder,The Dilemma,2011-01-13
Chris Rock,Bad Company,2002-06-07
Ryan Phillippe,Flags of Our Fathers,2006-10-18
Emile Hirsch,The Darkest Hour,2011-12-22
Kurt Russell,Miracle,2004-02-06
Christopher Plummer,The Imaginarium of Doctor Parnassus,2009-10-01
Marisa Tomei,My Cousin Vinny,1992-03-13
Jeff Daniels,Space Chimps,2008-07-17
Ashley Judd,High Crimes,2002-04-03
Jessica Alba,Honey,2003-11-24
John Hurt,Captain Corelli's Mandolin,2001-08-17
Helen Mirren,Woman in Gold,2015-04-10
Toni Collette,Krampus,2015-11-26
Kiefer Sutherland,Flatliners,1990-08-09
Salma Hayek,After the Sunset,2004-11-12
Woody Harrelson,After the Sunset,2004-11-12
Joseph Gordon-Levitt,The Walk,2015-09-30
Luke Wilson,My Super Ex-Girlfriend,2006-06-20
Tim Robbins,Mission to Mars,2000-03-10
Viggo Mortensen,A History of Violence,2005-09-23
Maria Bello,A History of Violence,2005-09-23
Joseph Gordon-Levitt,(500) Days of Summer,2009-07-17
Ashley Judd,Kiss the Girls,1997-10-03
Naomi Watts,21 Grams,2003-09-06
Christopher Plummer,The Insider,1999-10-28
Diane Lane,Secretariat,2010-08-20
Naomi Watts,The International,2009-02-03
Tyler Perry,Why Did I Get Married Too?,2010-04-02
Justin Long,Jeepers Creepers,2001-07-01
Patrick Wilson,Morning Glory,2010-01-12
Diane Lane,Must Love Dogs,2005-07-21
Susan Sarandon,That's My Boy,2012-06-14
Cillian Murphy,Red Eye,2005-08-04
Laurence Fishburne,Boyz n the Hood,1991-07-12
Cuba Gooding Jr.,Boyz n the Hood,1991-07-12
Tyler Perry,Madea's Family Reunion,2006-02-24
Thomas Jane,The Mist,2007-11-21
Bill Pullman,Lake Placid,1999-07-15
Josh Hartnett,Lucky Number Slevin,2006-02-24
Emile Hirsch,Into the Wild,2007-09-11
Eva Mendes,Out of Time,2003-10-03
Elizabeth Banks,"Definitely, Maybe",2008-02-08
Abigail Breslin,"Definitely, Maybe",2008-02-08
Tyler Perry,Why Did I Get Married?,2007-10-12
Laura Linney,The Mothman Prophecies,2002-01-25
Will Patton,The Mothman Prophecies,2002-01-25
Téa Leoni,Spanglish,2004-12-17
Will Patton,The Punisher,2004-04-15
Thomas Jane,The Punisher,2004-04-15
Jeff Daniels,"Good Night, and Good Luck.",2005-09-16
Emile Hirsch,Milk,2008-11-26
Paul Newman,The Verdict,1982-12-08
Joseph Gordon-Levitt,10 Things I Hate About You,1999-03-30
Julia Stiles,10 Things I Hate About You,1999-03-30
Jeff Daniels,Arachnophobia,1990-08-09
Ashley Judd,Dolphin Tale 2,2014-09-12
Cuba Gooding Jr.,Radio,2003-10-24
Kate Bosworth,Blue Crush,2002-08-08
Jean-Claude Van Damme,Maximum Risk,1996-09-13
Elizabeth Banks,The Next Three Days,2010-11-18
Josh Hartnett,Hollywood Homicide,2003-06-09
Donald Sutherland,The Mechanic,2011-01-13
Matthew Broderick,The Tale of Despereaux,2008-12-19
Gabriel Byrne,Stigmata,1999-09-10
Annette Bening,The Women,2008-09-12
Joan Cusack,Raising Helen,2004-05-27
John C. Reilly,Magnolia,1999-12-08
John C. Reilly,9,2009-08-19
Angela Bassett,Malcolm X,1992-11-18
Diane Keaton,The Godfather: Part II,1974-12-20
Paula Patton,Precious,2009-11-06
Danny DeVito,Deck the Halls,2006-11-22
Billy Bob Thornton,Monster's Ball,2001-11-11
Harvey Keitel,Cop Land,1997-08-15
Kiefer Sutherland,Young Guns,1988-08-12
Marisa Tomei,The Wrestler,2008-09-07
Mickey Rourke,The Wrestler,2008-09-07
Maria Bello,Lights Out,2016-07-21
Will Patton,The Fourth Kind,2009-11-06
Steve Buscemi,Escape from L.A.,1996-08-09
Queen Latifah,Set It Off,1996-11-06
Laura Linney,Man of the Year,2006-10-09
Diane Lane,Hardball,2001-09-14
Colin Firth,Bridget Jones: The Edge of Reason,2004-11-10
Freddie Prinze Jr.,I Still Know What You Did Last Summer,1998-11-13
Mickey Rourke,Sin City: A Dame to Kill For,2014-08-20
Queen Latifah,Last Holiday,2006-01-13
Woody Allen,Annie Hall,1977-04-19
Bill Pullman,Spaceballs,1987-06-24
Tim Robbins,Howard the Duck,1986-08-01
Paula Patton,Jumping the Broom,2011-05-06
Angela Bassett,How Stella Got Her Groove Back,1998-08-14
Steve Zahn,Joy Ride,2001-10-05
James Marsden,The Best of Me,2014-10-16
Steve Zahn,Riding in Cars with Boys,2001-10-19
Gabriel Byrne,Assault on Precinct 13,2005-01-19
Sam Rockwell,The Sitter,2011-12-09
Nia Long,The Best Man,1999-10-22
Morris Chestnut,The Best Man,1999-10-22
Sam Rockwell,Confessions of a Dangerous Mind,2002-12-30
Terrence Howard,Hart's War,2002-02-15
Cillian Murphy,Sunshine,2007-04-05
Catherine Keener,The Soloist,2009-04-24
John Hurt,Rob Roy,1995-04-13
Woody Allen,Scoop,2006-07-27
Colin Firth,Girl with a Pearl Earring,2003-08-31
Tyler Perry,Alex Cross,2012-10-18
Jean-Claude Van Damme,Double Impact,1991-08-10
Anthony Anderson,Agent Cody Banks 2: Destination London,2004-12-03
Nia Long,Boiler Room,2000-02-18
Tim Robbins,The Shawshank Redemption,1994-09-23
Harvey Keitel,Taxi Driver,1976-02-07
Jim Broadbent,The Young Victoria,2009-03-04
Jennifer Jason Leigh,Fast Times at Ridgemont High,1982-08-13
John Hurt,The Elephant Man,1980-10-02
Harvey Keitel,From Dusk Till Dawn,1996-01-19
Billy Bob Thornton,The Alamo,2004-04-07
Chris Rock,Top Five,2014-12-12
Toni Collette,Fright Night,2011-08-18
Maria Bello,Thank You for Smoking,2005-09-05
Terrence Howard,Hustle & Flow,2005-07-22
Anthony Anderson,Hustle & Flow,2005-07-22
Gabriel Byrne,The Usual Suspects,1995-07-19
Mickey Rourke,Domino,2005-09-22
Steve Zahn,A Perfect Getaway,2009-06-08
Angela Bassett,Mr. 3000,2004-06-15
Freddie Prinze Jr.,Boys and Girls,2000-06-16
Angela Bassett,Vampire in Brooklyn,1995-10-27
Sam Rockwell,Seven Psychopaths,2012-09-07
Ryan Phillippe,The Way of the Gun,2000-09-08
Woody Allen,Sleeper,1973-12-17
Tim Robbins,Antitrust,2001-01-12
Jim Broadbent,Another Year,2010-11-05
Terrence Howard,Dead Man Down,2013-03-08
Julia Stiles,A Guy Thing,2003-01-17
Kate Bosworth,Win a Date with Tad Hamilton!,2004-01-23
Kevin Kline,The Conspirator,2010-09-10
Luke Wilson,Alex & Emma,2003-06-16
Morris Chestnut,The Cave,2005-08-25
Hayden Christensen,Awake,2007-11-28
Jean-Claude Van Damme,Bloodsport,1988-02-26
Kate Bosworth,The Warrior's Way,2010-12-02
Jennifer Jason Leigh,The Machinist,2004-02-09
Samantha Morton,Control,2007-09-26
Kevin Kline,The Ice Storm,1997-09-27
Mickey Rourke,Harley Davidson and the Marlboro Man,1991-08-23
Jennifer Jason Leigh,Anomalisa,2015-12-30
Samantha Morton,Miss Julie,2014-09-07
John Hurt,Heaven's Gate,1980-11-19
Jim Broadbent,When Did You Last See Your Father?,2007-10-05
Anthony Anderson,My Baby's Daddy,2004-01-09
Samantha Morton,Dreaming of Joseph Lees,1999-10-29
Julia Stiles,Out of the Dark,2014-08-27
Morris Chestnut,Breakin' All the Rules,2004-05-14
