director,title,year
James Cameron,Avatar,2009-12-10
James Cameron,Titanic,1997-11-18
James Wan,Furious 7,2015-04-01
Michael Bay,Transformers: Dark of the Moon,2011-06-28
Peter Jackson,The Lord of the Rings: The Return of the King,2003-12-01
Sam Mendes,Skyfall,2012-10-25
Michael Bay,Transformers: Age of Extinction,2014-06-25
Christopher Nolan,The Dark Knight Rises,2012-07-16
Gore Verbinski,Pirates of the Caribbean: Dead Man's Chest,2006-06-20
Rob Marshall,Pirates of the Caribbean: On Stranger Tides,2011-05-14
Tim Burton,Alice in Wonderland,2010-03-03
Peter Jackson,The Hobbit: An Unexpected Journey,2012-11-26
Christopher Nolan,The Dark Knight,2008-07-16
Chris Columbus,Harry Potter and the Philosopher's Stone,2001-11-16
Jon Favreau,The Jungle Book,2016-04-07
Gore Verbinski,Pirates of the Caribbean: At World's End,2007-05-19
Peter Jackson,The Hobbit: The Desolation of Smaug,2013-12-11
Peter Jackson,The Hobbit: The Battle of the Five Armies,2014-12-10
Peter Jackson,The Lord of the Rings: The Two Towers,2002-12-18
George Lucas,Star Wars: Episode I - The Phantom Menace,1999-05-19
Steven Spielberg,Jurassic Park,1993-06-11
Andrew Adamson,Shrek 2,2004-05-19
Mike Newell,Harry Potter and the Goblet of Fire,2005-11-05
Sam Raimi,Spider-Man 3,2007-05-01
Sam Mendes,Spectre,2015-10-26
Chris Columbus,Harry Potter and the Chamber of Secrets,2002-11-13
Zack Snyder,Batman v Superman: Dawn of Justice,2016-03-23
George Lucas,Star Wars: Episode III - Revenge of the Sith,2005-05-17
Francis Lawrence,The Hunger Games: Catching Fire,2013-11-15
Michael Bay,Transformers: Revenge of the Fallen,2009-06-19
Bill Condon,The Twilight Saga: Breaking Dawn - Part 2,2012-11-13
Christopher Nolan,Inception,2010-07-14
Sam Raimi,Spider-Man,2002-05-01
Roland Emmerich,Independence Day,1996-06-25
Steven Spielberg,E.T. the Extra-Terrestrial,1982-04-03
Steven Spielberg,Indiana Jones and the Kingdom of the Crystal Skull,2008-05-21
Sam Raimi,Spider-Man 2,2004-06-25
George Lucas,Star Wars,1977-05-25
Roland Emmerich,2012,2009-10-10
Ron Howard,The Da Vinci Code,2006-05-17
Francis Lawrence,The Hunger Games: Mockingjay - Part 1,2014-11-18
Andrew Adamson,"The Chronicles of Narnia: The Lion, the Witch and the Wardrobe",2005-12-07
Bryan Singer,X-Men: Days of Future Past,2014-05-15
David Ayer,Suicide Squad,2016-08-02
Lilly Wachowski,The Matrix Reloaded,2003-05-15
Chris Weitz,The Twilight Saga: New Moon,2009-03-15
Michael Bay,Transformers,2007-06-27
Robert Zemeckis,Forrest Gump,1994-07-06
Christopher Nolan,Interstellar,2014-11-05
M. Night Shyamalan,The Sixth Sense,1999-08-06
Zack Snyder,Man of Steel,2013-06-12
Gore Verbinski,Pirates of the Caribbean: The Curse of the Black Pearl,2003-07-09
Francis Lawrence,The Hunger Games: Mockingjay - Part 2,2015-11-18
George Lucas,Star Wars: Episode II - Attack of the Clones,2002-05-15
Ridley Scott,The Martian,2015-09-30
Justin Lin,Fast Five,2011-04-20
Peter Berg,Hancock,2008-07-01
Barry Sonnenfeld,Men in Black 3,2012-05-23
Jon Favreau,Iron Man 2,2010-04-28
Ang Lee,Life of Pi,2012-11-20
Martin Campbell,Casino Royale,2006-11-14
Steven Spielberg,War of the Worlds,2005-06-28
Barry Sonnenfeld,Men in Black,1997-07-02
Marc Forster,Quantum of Solace,2008-10-30
Francis Lawrence,I Am Legend,2007-12-14
Jon Favreau,Iron Man,2008-04-30
Shawn Levy,Night at the Museum,2006-10-20
Raja Gosnell,The Smurfs,2011-07-29
Michael Bay,Armageddon,1998-07-01
John Woo,Mission: Impossible II,2000-05-24
Roland Emmerich,The Day After Tomorrow,2004-05-26
Bryan Singer,X-Men: Apocalypse,2016-05-18
Kenneth Branagh,Cinderella,2015-03-12
Clint Eastwood,American Sniper,2014-12-11
Alejandro González Iñárritu,The Revenant,2015-12-25
Marc Forster,World War Z,2013-06-20
Guy Ritchie,Sherlock Holmes,2009-12-23
James Cameron,Terminator 2: Judgment Day,1991-07-01
Jay Roach,Meet the Fockers,2004-12-22
Wolfgang Petersen,Troy,2004-05-13
Jan de Bont,Twister,1996-05-10
Sam Raimi,Oz: The Great and Powerful,2013-03-07
Tom Shadyac,Bruce Almighty,2003-05-23
Andrew Adamson,Shrek,2001-05-16
Steven Spielberg,Saving Private Ryan,1998-07-24
Doug Liman,Mr. & Mrs. Smith,2005-06-07
Jonathan Liebesman,Teenage Mutant Ninja Turtles,2014-08-07
Chris Columbus,Home Alone,1990-11-09
Tim Burton,Charlie and the Chocolate Factory,2005-07-13
Lilly Wachowski,The Matrix,1999-03-30
Garry Marshall,Pretty Woman,1990-03-23
Brett Ratner,X-Men: The Last Stand,2006-05-24
Todd Phillips,The Hangover,2009-06-05
Brian De Palma,Mission: Impossible,1996-05-22
Ridley Scott,Gladiator,2000-05-01
Edward Zwick,The Last Samurai,2003-12-05
Steven Soderbergh,Ocean's Eleven,2001-12-07
Kenneth Branagh,Thor,2011-04-21
Paul Greengrass,The Bourne Ultimatum,2007-08-03
Barry Sonnenfeld,Men in Black II,2002-07-03
William Friedkin,The Exorcist,1973-12-26
Chris Columbus,Mrs. Doubtfire,1993-11-24
Lee Tamahori,Die Another Day,2002-11-17
Robert Zemeckis,Cast Away,2000-12-22
Quentin Tarantino,Django Unchained,2012-12-25
Lilly Wachowski,The Matrix Revolutions,2003-11-05
Zack Snyder,300,2006-12-09
Andrew Adamson,The Chronicles of Narnia: Prince Caspian,2008-05-15
Michael Apted,The Chronicles of Narnia: The Voyage of the Dawn Treader,2010-08-13
Paul Greengrass,Jason Bourne,2016-07-27
James Mangold,The Wolverine,2013-07-23
Shawn Levy,Night at the Museum: Battle of the Smithsonian,2009-05-20
Barry Levinson,Rain Man,1988-12-11
Tim Burton,Batman,1989-06-23
M. Night Shyamalan,Signs,2002-08-02
Bryan Singer,X2,2003-04-24
Guillermo del Toro,Pacific Rim,2013-07-11
Ridley Scott,Prometheus,2012-05-30
Rob Cohen,The Mummy: Tomb of the Dragon Emperor,2008-07-01
Catherine Hardwicke,Twilight,2008-11-20
Martin Scorsese,The Wolf of Wall Street,2013-12-25
Bryan Singer,Superman Returns,2006-06-28
Kevin Reynolds,Robin Hood: Prince of Thieves,1991-06-14
Roland Emmerich,Independence Day: Resurgence,2016-06-22
George Miller,Happy Feet,2006-11-16
Robert Zemeckis,Back to the Future,1985-07-03
James Cameron,True Lies,1994-07-14
George Miller,Mad Max: Fury Road,2015-05-13
Danny Boyle,Slumdog Millionaire,2008-05-12
Christopher Nolan,Batman Begins,2005-06-10
Nancy Meyers,What Women Want,2000-12-15
Chris Weitz,The Golden Compass,2007-12-04
Jon M. Chu,G.I. Joe: Retaliation,2013-03-26
McG,Terminator Salvation,2009-05-20
Doug Liman,Edge of Tomorrow,2014-05-27
Bobby Farrelly,There's Something About Mary,1998-07-15
David Fincher,Gone Girl,2014-10-01
Andy Tennant,Hitch,2005-02-10
John McTiernan,Die Hard: With a Vengeance,1995-05-19
Steven Soderbergh,Ocean's Twelve,2004-12-09
Darren Aronofsky,Noah,2014-03-20
Tim Burton,Planet of the Apes,2001-07-25
Michael Apted,The World Is Not Enough,1999-11-08
Tim Hill,Alvin and the Chipmunks,2007-12-13
Chris Columbus,Home Alone 2: Lost in New York,1992-11-19
Tony Scott,Top Gun,1986-05-16
Ron Howard,Angels & Demons,2009-05-13
Sam Mendes,American Beauty,1999-09-15
Ron Howard,Apollo 13,1995-06-30
Martin Campbell,GoldenEye,1995-11-16
Chuck Russell,The Mask,1994-07-29
Jan de Bont,Speed,1994-06-09
Shawn Levy,Night at the Museum: Secret of the Tomb,2014-12-17
Jon Turteltaub,National Treasure,2004-11-19
Raja Gosnell,The Smurfs 2,2013-07-30
Brett Ratner,Rush Hour 2,2001-08-03
Alex Proyas,"I, Robot",2004-07-15
Ron Howard,How the Grinch Stole Christmas,2000-11-17
Justin Lin,Star Trek Beyond,2016-07-07
Brian Levant,The Flintstones,1994-05-26
Joel Schumacher,Batman Forever,1995-05-31
Mike Newell,Prince of Persia: The Sands of Time,2010-05-19
Jon M. Chu,Now You See Me 2,2016-06-02
Guy Ritchie,Sherlock Holmes: A Game of Shadows,2011-11-22
David Fincher,The Curious Case of Benjamin Button,2008-11-24
Robert Zemeckis,Back to the Future Part II,1989-11-20
Jay Roach,Meet the Parents,2000-10-06
Darren Aronofsky,Black Swan,2010-12-02
David Fincher,Se7en,1995-09-22
Wolfgang Petersen,The Perfect Storm,2000-03-15
Robert Zemeckis,A Christmas Carol,2009-11-04
McG,Megamind,2010-10-28
Richard Donner,Lethal Weapon 3,1992-05-15
James Wan,The Conjuring 2,2016-05-13
Quentin Tarantino,Inglourious Basterds,2009-08-18
M. Night Shyamalan,The Last Airbender,2010-06-30
James Wan,The Conjuring,2013-07-18
Anne Fletcher,The Proposal,2009-06-01
Wolfgang Petersen,Air Force One,1997-07-25
Ron Howard,A Beautiful Mind,2001-12-11
Simon West,The Expendables 2,2012-08-08
Steven Soderbergh,Ocean's Thirteen,2007-06-07
Jay Roach,Austin Powers: The Spy Who Shagged Me,1999-06-08
Ridley Scott,Robin Hood,2010-05-12
Paul Weitz,Little Fockers,2010-12-21
Garry Marshall,Runaway Bride,1999-07-30
Rob Marshall,Chicago,2002-12-26
Peter Berg,Battleship,2012-04-11
Jonathan Liebesman,Wrath of the Titans,2012-03-27
Paul W.S. Anderson,Resident Evil: Afterlife,2010-09-09
Richard Donner,Superman,1978-12-13
Rob Minkoff,Stuart Little,1999-12-17
Tony Scott,Beverly Hills Cop II,1987-05-18
Shawn Levy,Real Steel,2011-09-28
Jay Roach,Austin Powers in Goldmember,2002-07-26
Bryan Singer,X-Men,2000-07-13
Robert Schwentke,Insurgent,2015-03-18
Martin Scorsese,Shutter Island,2010-02-18
Phillip Noyce,Salt,2010-07-21
Martin Scorsese,The Departed,2006-10-05
John Madden,Shakespeare in Love,1998-12-11
Tim Story,Fantastic 4: Rise of the Silver Surfer,2007-06-13
Paul Greengrass,The Bourne Supremacy,2004-07-23
Richard Donner,Lethal Weapon 4,1998-07-10
Tim Burton,Batman Returns,1992-06-19
Rob Cohen,xXx,2002-08-09
Raja Gosnell,Scooby-Doo,2002-06-14
Simon West,Lara Croft: Tomb Raider,2001-06-11
Cameron Crowe,Jerry Maguire,1996-12-06
Rob Minkoff,Mr. Peabody & Sherman,2014-02-07
Jonathan Demme,The Silence of the Lambs,1991-02-01
Dennis Dugan,Grown Ups,2010-06-24
Sydney Pollack,The Firm,1993-06-30
Clint Eastwood,Gran Torino,2008-12-09
Nicholas Stoller,Neighbors,2014-05-08
Ridley Scott,Exodus: Gods and Kings,2014-12-03
Nancy Meyers,Something's Gotta Give,2003-12-12
Kevin Reynolds,Waterworld,1995-07-28
McG,Charlie's Angels,2000-11-02
Luc Besson,The Fifth Element,1997-05-07
James Mangold,Knight and Day,2010-06-15
Larry Charles,Borat: Cultural Learnings of America for Make Benefit Glorious Nation of Kazakhstan,2006-11-01
Paul Verhoeven,Total Recall,1990-06-01
McG,Charlie's Angels: Full Throttle,2003-06-27
Brett Ratner,Rush Hour 3,2007-08-08
M. Night Shyamalan,The Village,2004-07-30
Steven Soderbergh,Erin Brockovich,2000-03-17
Renny Harlin,Cliffhanger,1993-05-28
Mike Newell,Four Weddings and a Funeral,1994-03-09
Todd Phillips,The Hangover Part II,2011-05-25
Joel Coen,True Grit,2010-12-22
David O. Russell,American Hustle,2013-12-12
Tony Scott,Enemy of the State,1998-11-20
Martin Campbell,The Mask of Zorro,1998-07-16
M. Night Shyamalan,Unbreakable,2000-11-13
Bobby Farrelly,Dumb and Dumber,1994-12-16
Dennis Dugan,Grown Ups 2,2013-07-11
Gore Verbinski,Rango,2011-03-02
John Woo,Face/Off,1997-06-27
Ang Lee,Hulk,2003-06-19
Francis Ford Coppola,The Godfather,1972-03-14
Brett Ratner,Hercules,2014-07-23
Rob Reiner,A Few Good Men,1992-12-11
Chuck Russell,Eraser,1996-06-21
Paul W.S. Anderson,Resident Evil: Retribution,2012-09-12
Renny Harlin,Die Hard 2,1990-07-02
Joel Schumacher,Batman & Robin,1997-06-20
Frank Coraci,Click,2006-06-22
John Singleton,2 Fast 2 Furious,2003-06-05
Chris Weitz,American Pie,1999-07-09
Dennis Dugan,Big Daddy,1999-06-25
Louis Leterrier,Clash of the Titans,2010-04-01
David Fincher,The Girl with the Dragon Tattoo,2011-12-14
Jason Reitman,Juno,2007-12-05
Peter Segal,Get Smart,2008-06-19
Gus Van Sant,Good Will Hunting,1997-12-05
David Fincher,The Social Network,2010-09-30
Simon West,Con Air,1997-06-01
Neil Jordan,Interview with the Vampire,1994-11-11
Robert Schwentke,Flightplan,2005-09-22
Jaume Collet-Serra,Non-Stop,2014-01-26
Doug Liman,Jumper,2008-02-10
Barry Sonnenfeld,Wild Wild West,1999-06-29
David Zucker,Scary Movie 3,2003-10-24
Martin Campbell,Green Lantern,2011-06-16
Nancy Meyers,It's Complicated,2009-12-23
Judd Apatow,Knocked Up,2007-06-01
Michael Mann,Collateral,2004-08-04
Clint Eastwood,Million Dollar Baby,2004-12-15
Ivan Reitman,Twins,1988-12-09
Garry Marshall,Valentine's Day,2010-02-10
Phillip Noyce,Clear and Present Danger,1994-08-03
Francis Ford Coppola,Dracula,1992-11-13
Martin Campbell,Vertical Limit,2000-12-08
Roland Emmerich,The Patriot,2000-06-28
Jon Turteltaub,The Sorcerer's Apprentice,2010-07-13
Curtis Hanson,8 Mile,2002-11-08
Dennis Dugan,Just Go with It,2011-02-10
Michael Mann,Public Enemies,2009-07-01
Doug Liman,The Bourne Identity,2002-06-14
Barry Levinson,Disclosure,1994-12-09
Quentin Tarantino,Pulp Fiction,1994-10-08
Ang Lee,"Crouching Tiger, Hidden Dragon",2000-10-01
Rob Marshall,Into the Woods,2014-12-25
Adam Shankman,Bedtime Stories,2008-12-24
Donald Petrie,Miss Congeniality,2000-12-14
Peter Hyams,End of Days,1999-11-24
David Ayer,Fury,2014-10-15
Todd Phillips,Due Date,2010-11-04
Brett Ratner,Red Dragon,2002-09-29
Steven Soderbergh,Traffic,2000-12-27
Rob Cohen,The Fast and the Furious,2001-06-22
Jonathan Demme,Philadelphia,1993-12-22
David O. Russell,Silver Linings Playbook,2012-09-08
Oliver Stone,JFK,1991-12-20
Robert Luketic,The Ugly Truth,2009-07-24
Cameron Crowe,Vanilla Sky,2001-12-10
Jonathan Liebesman,Battle: Los Angeles,2011-03-08
Tom Shadyac,Patch Adams,1998-12-25
Ivan Reitman,Kindergarten Cop,1990-12-21
F. Gary Gray,Straight Outta Compton,2015-08-13
Dennis Dugan,You Don't Mess with the Zohan,2008-06-05
John McTiernan,The Hunt for Red October,1990-03-02
Robert Rodriguez,Spy Kids 3-D: Game Over,2003-07-25
Peter Segal,50 First Dates,2004-02-13
John Glen,For Your Eyes Only,1981-06-23
Nancy Meyers,The Intern,2015-09-24
Nancy Meyers,The Holiday,2006-12-08
Martin Scorsese,Gangs of New York,2002-12-14
Antoine Fuqua,The Equalizer,2014-09-24
Barry Sonnenfeld,The Addams Family,1991-11-22
John Glen,The Living Daylights,1987-06-29
Richard Lester,Superman II,1980-12-04
Peter Segal,The Longest Yard,2005-05-19
Paul Verhoeven,Hollow Man,2000-08-04
Shawn Levy,Cheaper by the Dozen,2003-12-24
Wolfgang Petersen,Outbreak,1995-03-10
Ben Stiller,The Secret Life of Walter Mitty,2013-12-18
Ben Stiller,Tropic Thunder,2008-08-09
John Glen,Octopussy,1983-06-05
Mark Waters,Mr. Popper's Penguins,2011-06-17
Robert Redford,The Horse Whisperer,1998-05-14
James Mangold,Walk the Line,2005-09-13
David R. Ellis,The Final Destination,2009-08-26
Frank Coraci,The Waterboy,1998-11-06
Martin Scorsese,Hugo,2011-11-22
Zack Snyder,Watchmen,2009-03-05
Spike Lee,Inside Man,2006-03-23
Lilly Wachowski,Jupiter Ascending,2015-02-04
Tim Hill,Hop,2011-03-30
James Cameron,Aliens,1986-07-18
Rob Minkoff,The Haunted Mansion,2003-11-25
Clint Eastwood,The Bridges of Madison County,1995-05-28
Wolfgang Petersen,Poseidon,2006-05-12
Raja Gosnell,Scooby-Doo 2: Monsters Unleashed,2004-03-24
Sam Mendes,Road to Perdition,2002-07-12
Tom Shadyac,Liar Liar,1997-03-21
Quentin Tarantino,Kill Bill: Vol. 1,2003-10-10
Andy Tennant,Sweet Home Alabama,2002-09-26
Larry Charles,The Dictator,2012-05-15
Robert Schwentke,Allegiant,2016-03-09
David Zucker,Scary Movie 4,2006-04-13
Roger Donaldson,Dante's Peak,1997-02-07
Phillip Noyce,Patriot Games,1992-06-04
Ang Lee,Brokeback Mountain,2005-09-02
Les Mayfield,Flubber,1997-11-26
Zhang Yimou,Hero,2002-12-19
Donald Petrie,How to Lose a Guy in 10 Days,2003-02-07
Alexander Payne,The Descendants,2011-09-09
Sydney Pollack,Tootsie,1982-12-16
Harold Ramis,Analyze This,1999-03-05
F. Gary Gray,The Italian Job,2003-05-30
Rob Reiner,The Bucket List,2007-12-25
Wes Anderson,The Grand Budapest Hotel,2014-02-26
Raja Gosnell,Big Momma's House,2000-05-31
Andrew Niccol,In Time,2011-10-27
Jean-Pierre Jeunet,Amélie,2001-04-25
Adam McKay,Anchorman 2: The Legend Continues,2013-12-18
Jon Favreau,Elf,2003-10-09
Wes Craven,Scream,1996-12-20
Tom Shadyac,Evan Almighty,2007-06-09
Wes Craven,Scream 2,1997-12-09
Joel Coen,No Country for Old Men,2007-11-08
Paul W.S. Anderson,AVP: Alien vs. Predator,2004-08-12
Edward Zwick,Blood Diamond,2006-12-07
Adam McKay,The Other Guys,2010-08-06
Todd Phillips,Starsky & Hutch,2004-03-05
Peter Chelsom,Shall We Dance?,2004-10-15
Rob Minkoff,Stuart Little 2,2002-07-19
Frank Coraci,Zookeeper,2011-07-06
Bobby Farrelly,Dumb and Dumber To,2014-11-12
Tony Scott,Unstoppable,2010-11-04
Oliver Stone,Alexander,2004-11-21
Barry Levinson,Sleepers,1996-10-18
Garry Marshall,The Princess Diaries,2001-08-03
Chuck Russell,The Scorpion King,2002-04-16
Jan de Bont,Speed 2: Cruise Control,1997-06-13
Ivan Reitman,Six Days Seven Nights,1998-06-12
Darren Lynn Bousman,Saw III,2006-10-27
Joel Coen,Burn After Reading,2008-09-05
Louis Leterrier,The Incredible Hulk,2008-06-12
Jason Reitman,Up in the Air,2009-09-05
Adam McKay,Talladega Nights: The Ballad of Ricky Bobby,2006-08-04
Oliver Stone,World Trade Center,2006-08-09
Sydney Pollack,The Interpreter,2005-04-08
Mark Waters,The Spiderwick Chronicles,2008-02-14
Rob Marshall,Memoirs of a Geisha,2005-12-06
Stanley Kubrick,Eyes Wide Shut,1999-07-14
Jean-Pierre Jeunet,Alien: Resurrection,1997-11-12
Wes Craven,Scream 3,2000-02-03
Guy Hamilton,Live and Let Die,1973-07-05
Brian Helgeland,Payback,1999-02-05
Antoine Fuqua,Olympus Has Fallen,2013-03-20
Oliver Stone,Born on the Fourth of July,1989-12-20
Edward Zwick,Legends of the Fall,1994-12-16
Guillermo del Toro,Hellboy II: The Golden Army,2008-07-11
Anne Fletcher,27 Dresses,2008-01-10
Jon M. Chu,Step Up 3D,2010-08-04
Rob Cohen,Daylight,1996-12-06
Clint Eastwood,Unforgiven,1992-08-07
Robert Rodriguez,Sin City,2005-04-01
Justin Lin,The Fast and the Furious: Tokyo Drift,2006-06-03
Tony Scott,Days of Thunder,1990-06-27
McG,This Means War,2012-02-14
Richard LaGravenese,P.S. I Love You,2007-11-15
Jan de Bont,Lara Croft Tomb Raider: The Cradle of Life,2003-07-21
John Glen,Licence to Kill,1989-07-07
Quentin Tarantino,The Hateful Eight,2015-12-25
Peter Chelsom,Hannah Montana: The Movie,2009-04-10
Alex Proyas,Knowing,2009-03-19
Guillermo del Toro,Blade II,2002-03-22
George Clooney,The Monuments Men,2014-01-24
Bill Condon,Dreamgirls,2006-12-25
Wayne Wang,Maid in Manhattan,2002-12-13
Jon Turteltaub,Cool Runnings,1993-09-30
Robert Luketic,Monster-in-Law,2005-05-13
Joel Schumacher,The Phantom of the Opera,2004-12-08
Tim Story,Ride Along,2014-01-07
Joe Dante,Gremlins,1984-06-07
Taylor Hackford,The Devil's Advocate,1997-10-17
Darren Lynn Bousman,Saw II,2005-10-28
Lasse Hallström,Chocolat,2000-12-14
John Glen,A View to a Kill,1985-05-24
Joel Schumacher,A Time to Kill,1996-07-24
Jon Turteltaub,Phenomenon,1996-07-05
Phillip Noyce,The Bone Collector,1999-11-04
Woody Allen,Midnight in Paris,2011-05-11
Jon M. Chu,Step Up 2: The Streets,2008-02-14
Alex Proyas,Gods of Egypt,2016-02-25
George Miller,Happy Feet Two,2011-11-17
John Woo,Broken Arrow,1996-02-09
Simon West,The General's Daughter,1999-06-18
Peter Berg,Lone Survivor,2013-12-24
Bobby Farrelly,"Me, Myself & Irene",2000-06-22
Robert Rodriguez,Spy Kids,2001-03-18
Andy Fickman,The Game Plan,2007-09-28
Gore Verbinski,The Mexican,2001-03-01
Ivan Reitman,No Strings Attached,2011-01-21
Danny Boyle,The Beach,2000-02-11
Gary Winick,Charlotte's Web,2006-12-15
Garry Marshall,New Year's Eve,2011-12-08
Robert Luketic,Legally Blonde,2001-07-13
Tim Hill,Garfield: A Tail of Two Kitties,2006-06-15
Bobby Farrelly,Shallow Hal,2001-11-01
John Landis,Animal House,1978-07-27
Judd Apatow,Trainwreck,2015-07-17
John McTiernan,Die Hard,1988-07-15
Zack Snyder,Legend of the Guardians: The Owls of Ga'Hoole,2010-07-10
George Lucas,American Graffiti,1973-08-01
Darren Lynn Bousman,Saw IV,2007-10-25
Oliver Stone,Platoon,1986-12-18
John Whitesell,Big Momma's House 2,2006-01-26
John McTiernan,Last Action Hero,1993-06-18
Richard Donner,Conspiracy Theory,1997-08-07
John Madden,The Best Exotic Marigold Hotel,2011-11-28
Francis Ford Coppola,The Godfather: Part III,1990-12-24
Stephen Hopkins,Lost in Space,1998-04-03
Andy Tennant,The Bounty Hunter,2010-03-16
Alejandro González Iñárritu,Babel,2006-09-08
Ang Lee,Sense and Sensibility,1995-12-13
Jon Turteltaub,Last Vegas,2013-10-31
Adam McKay,The Big Short,2015-12-11
Adam Shankman,Bringing Down the House,2003-03-07
Paul W.S. Anderson,The Three Musketeers,2011-08-31
Tom Tykwer,Perfume: The Story of a Murderer,2006-09-13
Richard Linklater,School of Rock,2003-10-03
Jaume Collet-Serra,Unknown,2011-02-16
Tom Tykwer,Cloud Atlas,2012-10-26
Brian Levant,Jingle All the Way,1996-11-15
Joe Wright,Atonement,2007-08-29
Adam Shankman,Cheaper by the Dozen 2,2005-12-21
Mark Waters,Mean Girls,2004-04-30
Chris Weitz,About a Boy,2002-04-26
Tom Shadyac,The Nutty Professor,1996-06-26
Sydney Pollack,Out of Africa,1985-12-20
Joe Wright,Pan,2015-09-24
Adam McKay,Step Brothers,2008-07-25
Rob Minkoff,The Forbidden Kingdom,2008-04-18
John Woo,Red Cliff,2008-07-10
F. Gary Gray,Law Abiding Citizen,2009-10-15
Luc Besson,Lucy,2014-07-14
Curtis Hanson,L.A. Confidential,1997-09-19
Guy Hamilton,Goldfinger,1964-09-17
Tim Story,Ride Along 2,2016-01-14
Taylor Hackford,Ray,2004-10-29
John McTiernan,The Thomas Crown Affair,1999-08-06
Barry Levinson,"Good Morning, Vietnam",1987-12-23
Frank Coraci,Blended,2014-05-21
Stephen Frears,The Queen,2006-09-15
Peter Segal,Nutty Professor II: The Klumps,2000-07-27
Kirk Jones,Nanny McPhee,2005-10-21
Tobe Hooper,Poltergeist,1982-06-04
Paul W.S. Anderson,Mortal Kombat,1995-08-18
Paul Verhoeven,Starship Troopers,1997-11-06
Joe Wright,Pride & Prejudice,2005-09-16
Cameron Crowe,We Bought a Zoo,2011-12-22
Roman Polanski,The Pianist,2002-09-24
Joel Coen,Intolerable Cruelty,2003-09-02
Andy Fickman,Parental Guidance,2012-12-25
Todd Phillips,Road Trip,2000-05-19
Robert Rodriguez,Spy Kids 2: The Island of Lost Dreams,2002-08-07
Mel Brooks,Blazing Saddles,1974-02-07
John Landis,Beverly Hills Cop III,1994-05-24
Michael Moore,Fahrenheit 9/11,2004-06-25
Jaume Collet-Serra,The Shallows,2016-06-24
Mike Nichols,Charlie Wilson's War,2007-12-19
Phillip Noyce,The Saint,1997-04-03
Les Mayfield,Blue Streak,1999-09-17
Louis Leterrier,Now You See Me,2013-05-29
Joel Schumacher,The Client,1994-07-20
Brian Helgeland,A Knight's Tale,2001-05-11
Marc Forster,Finding Neverland,2004-10-17
Edward Zwick,The Siege,1998-11-06
Guy Hamilton,Diamonds Are Forever,1971-12-13
Mike Nichols,Closer,2004-12-01
Rob Cohen,DragonHeart,1996-05-31
John Landis,The Blues Brothers,1980-06-17
Lasse Hallström,Dear John,2010-02-04
Gary Winick,Bride Wars,2009-01-09
Anne Fletcher,Step Up,2006-08-11
Francis Lawrence,Water for Elephants,2011-03-15
Roger Donaldson,Species,1995-07-07
Stephen Daldry,The Reader,2008-12-10
Adam Shankman,The Pacifier,2005-03-04
Andy Tennant,Fool's Gold,2008-02-07
Mark Waters,Freaky Friday,2003-08-03
Stephen Daldry,Billy Elliot,2000-05-18
Alexander Payne,Sideways,2004-10-22
Judd Apatow,The 40 Year Old Virgin,2005-08-11
Nicholas Stoller,Neighbors 2: Sorority Rising,2016-05-04
Guy Ritchie,The Man from U.N.C.L.E.,2015-08-13
David O. Russell,Three Kings,1999-09-27
Luc Besson,Arthur and the Invisibles,2006-12-13
Rob Reiner,The American President,1995-11-17
Andy Fickman,Paul Blart: Mall Cop 2,2015-04-16
John Singleton,Shaft,2000-06-15
Andy Fickman,Race to Witch Mountain,2009-03-12
Stephen Herek,Mr. Holland's Opus,1995-12-29
Alexander Payne,About Schmidt,2002-12-13
Terry Gilliam,The Brothers Grimm,2005-08-26
Lee Tamahori,Along Came a Spider,2001-04-06
Nicholas Stoller,Forgetting Sarah Marshall,2008-04-17
Jay Roach,The Campaign,2012-08-09
Antoine Fuqua,Training Day,2001-10-05
James Wan,Saw,2004-10-01
Brian De Palma,Snake Eyes,1998-08-07
Alejandro González Iñárritu,Birdman,2014-08-27
Mark Waters,Just Like Heaven,2005-09-16
Ben Stiller,The Cable Guy,1996-06-10
Edward Zwick,Love & Other Drugs,2010-11-22
Frank Oz,The Stepford Wives,2004-06-10
Peter Hyams,Timecop,1994-09-15
David Gordon Green,Pineapple Express,2008-08-06
Robert Schwentke,The Time Traveler's Wife,2009-08-14
David O. Russell,Joy,2015-12-24
Miguel Arteta,"Alexander and the Terrible, Horrible, No Good, Very Bad Day",2014-10-08
Stephen Frears,Philomena,2013-11-01
Gary Fleder,Don't Say a Word,2001-09-28
George Miller,Mad Max,1979-04-12
Scott Hicks,The Lucky One,2012-04-19
Guillermo del Toro,Hellboy,2004-04-02
Woody Allen,Blue Jasmine,2013-07-25
Jon M. Chu,Justin Bieber: Never Say Never,2011-02-11
Robert Rodriguez,Once Upon a Time in Mexico,2003-09-11
Robert Luketic,Killers,2010-06-04
Brian Levant,Are We There Yet?,2005-01-20
Lasse Hallström,Safe Haven,2013-02-07
Guy Hamilton,The Man with the Golden Gun,1974-12-01
Wes Craven,Scream 4,2011-04-11
James Wan,Insidious,2010-09-13
Sam Mendes,Jarhead,2005-11-04
Gary Winick,13 Going on 30,2004-04-13
Woody Allen,Vicky Cristina Barcelona,2008-08-15
John Woo,Paycheck,2003-12-25
Jonathan Demme,The Manchurian Candidate,2004-07-30
Tim Story,Think Like a Man,2012-04-16
Antoine Fuqua,Shooter,2007-03-22
Zhang Yimou,The Flowers of War,2011-12-15
F. Gary Gray,Be Cool,2005-03-04
Brian Helgeland,42,2013-04-12
Paul Greengrass,Captain Phillips,2013-10-10
Paul Greengrass,Green Zone,2010-03-11
Adam Shankman,The Wedding Planner,2001-01-26
Alex Proyas,The Crow,1994-05-11
Lilly Wachowski,Speed Racer,2008-05-09
David O. Russell,The Fighter,2010-12-17
David Koepp,Secret Window,2004-03-12
Zhang Yimou,House of Flying Daggers,2004-05-19
Rob Reiner,When Harry Met Sally...,1989-07-21
Scott Hicks,No Reservations,2007-07-25
John Singleton,Four Brothers,2005-08-11
Antoine Fuqua,Southpaw,2015-06-15
Jan de Bont,The Haunting,1999-07-23
Andrzej Bartkowiak,Romeo Must Die,2000-03-20
Sam Raimi,Drag Me to Hell,2009-03-15
Tyler Perry,Madea Goes to Jail,2009-02-16
David R. Ellis,Final Destination 2,2003-01-31
John Landis,Trading Places,1983-06-07
Harold Ramis,Bedazzled,2000-10-19
James Mangold,Identity,2003-04-25
Nicholas Stoller,Get Him to the Greek,2010-06-04
Francis Ford Coppola,Apocalypse Now,1979-08-15
Renny Harlin,The Long Kiss Goodnight,1996-10-11
Catherine Hardwicke,Red Riding Hood,2011-03-11
Kirk Jones,My Big Fat Greek Wedding 2,2016-03-23
Lasse Hallström,The Hundred-Foot Journey,2014-08-06
Judd Apatow,This Is 40,2012-12-20
Michael Mann,Ali,2001-12-11
David Zucker,The Naked Gun 2½: The Smell of Fear,1991-06-28
Jason Friedberg,Epic Movie,2007-01-25
Peter Berg,The Kingdom,2007-08-22
Mel Brooks,Young Frankenstein,1974-12-15
John Madden,The Second Best Exotic Marigold Hotel,2015-02-26
Woody Allen,Match Point,2005-10-26
Ivan Reitman,Stripes,1981-06-25
Louis Leterrier,Transporter 2,2005-08-02
Jason Friedberg,Meet the Spartans,2008-01-24
John Whitesell,"Big Mommas: Like Father, Like Son",2011-02-16
Guy Ritchie,Snatch,2000-09-01
Norman Jewison,Fiddler on the Roof,1971-11-03
Guillermo del Toro,Pan's Labyrinth,2006-05-27
Danny Boyle,28 Days Later,2002-10-31
John Singleton,Abduction,2011-09-22
Peter Berg,The Rundown,2003-09-26
Jason Friedberg,Vampires Suck,2010-08-18
Gus Van Sant,Finding Forrester,2000-12-21
Andrzej Bartkowiak,Exit Wounds,2001-03-13
Kirk Jones,What to Expect When You're Expecting,2012-05-17
Malcolm D. Lee,Scary Movie 5,2013-04-11
Renny Harlin,Exorcist: The Beginning,2004-08-20
Peter Chelsom,Serendipity,2001-10-05
Paul Thomas Anderson,There Will Be Blood,2007-12-28
Brian De Palma,The Untouchables,1987-06-02
Richard Linklater,The Newton Boys,1998-03-26
George Clooney,The Ides of March,2011-09-24
Richard Lester,Superman III,1983-06-17
Tim Story,Barbershop,2002-04-01
Lawrence Kasdan,Dreamcatcher,2003-03-21
Michael Mann,The Last of the Mohicans,1992-09-25
Kevin Reynolds,The Count of Monte Cristo,2002-01-23
Stephen Hopkins,The Ghost and the Darkness,1996-10-11
Sydney Pollack,Random Hearts,1999-10-08
Norman Jewison,The Hurricane,1999-09-17
Renny Harlin,Deep Blue Sea,1999-07-28
Marc Forster,The Kite Runner,2007-10-14
Woody Allen,To Rome with Love,2012-04-20
Frank Coraci,Here Comes the Boom,2012-10-11
Joel Coen,"O Brother, Where Art Thou?",2000-08-30
Robert Schwentke,RED,2010-10-13
Malcolm D. Lee,The Best Man Holiday,2013-11-15
Jaume Collet-Serra,Run All Night,2015-03-11
Wes Anderson,The Royal Tenenbaums,2001-10-05
Lee Tamahori,xXx: State of the Union,2005-04-27
Frank Oz,The Score,2001-07-13
Harold Ramis,Groundhog Day,1993-02-11
James Mangold,3:10 to Yuma,2007-09-06
John Carpenter,Halloween,1978-10-25
Robert Luketic,21,2008-03-27
George Miller,Babe: Pig in the City,1998-11-25
Joe Wright,Anna Karenina,2012-09-06
Jaume Collet-Serra,House of Wax,2005-04-30
Stanley Kubrick,2001: A Space Odyssey,1968-04-10
Brad Anderson,The Call,2013-03-14
Joe Dante,Looney Tunes: Back in Action,2003-11-14
Wes Anderson,Moonrise Kingdom,2012-05-16
Barry Levinson,Bandits,2001-10-12
Michael Apted,Coal Miner's Daughter,1980-03-07
Luc Besson,The Messenger: The Story of Joan of Arc,1999-10-18
Simon West,When a Stranger Calls,2006-02-03
Brian De Palma,Scarface,1983-12-08
Andy Tennant,Ever After: A Cinderella Story,1998-07-31
Richard Donner,16 Blocks,2006-03-01
David Ayer,Street Kings,2008-04-10
Roger Donaldson,The Bank Job,2008-02-28
Gavin O'Connor,Miracle,2004-02-06
Terry Gilliam,The Imaginarium of Doctor Parnassus,2009-10-01
Jon Favreau,Zathura: A Space Adventure,2005-11-06
Joe Wright,Hanna,2011-04-07
Andrew Niccol,The Host,2013-03-22
Robert Redford,Lions for Lambs,2007-10-22
Stephen Hopkins,The Reaping,2007-04-05
Neil Jordan,The Crying Game,1992-09-02
Harold Ramis,Year One,2009-06-18
John Madden,Captain Corelli's Mandolin,2001-08-17
David R. Ellis,Snakes on a Plane,2006-08-06
Judd Apatow,Funny People,2009-07-31
Harold Ramis,National Lampoon's Vacation,1983-07-28
Brian Robbins,The Shaggy Dog,2006-03-09
Brian De Palma,Mission to Mars,2000-03-10
Ben Stiller,Zoolander,2001-09-28
David Cronenberg,A History of Violence,2005-09-23
Gary Fleder,Kiss the Girls,1997-10-03
Alejandro González Iñárritu,21 Grams,2003-09-06
Michael Mann,The Insider,1999-10-28
Roman Polanski,The Ghost Writer,2010-02-12
Tom Tykwer,The International,2009-02-03
Tyler Perry,Why Did I Get Married Too?,2010-04-02
Richard LaGravenese,Beautiful Creatures,2013-02-13
Brian Levant,The Flintstones in Viva Rock Vegas,2000-04-28
Rob Reiner,The Story of Us,1999-10-13
Roman Polanski,The Ninth Gate,1999-08-24
Wes Craven,Red Eye,2005-08-04
John Singleton,Boyz n the Hood,1991-07-12
Tyler Perry,Madea's Family Reunion,2006-02-24
Stephen Hopkins,Predator 2,1990-11-20
Steve Miner,Lake Placid,1999-07-15
Andrzej Bartkowiak,Cradle 2 the Grave,2003-02-28
David R. Ellis,Cellular,2004-09-06
Andrzej Bartkowiak,Doom,2005-10-20
Ben Stiller,Zoolander 2,2016-02-06
Kevin Smith,Cop Out,2010-02-26
Stephen Daldry,Extremely Loud & Incredibly Close,2011-12-24
Tyler Perry,Why Did I Get Married?,2007-10-12
David Cronenberg,Eastern Promises,2007-09-14
Joe Dante,Small Soldiers,1998-07-10
George Clooney,"Good Night, and Good Luck.",2005-09-16
Gus Van Sant,Milk,2008-11-26
John Frankenheimer,Prophecy,1979-01-01
Sidney Lumet,The Verdict,1982-12-08
Nicholas Stoller,The Five-Year Engagement,2012-04-27
Rob Marshall,Nine,2009-12-03
Marc Forster,Stranger Than Fiction,2006-09-09
Cameron Crowe,Elizabethtown,2005-10-06
Michael Apted,Enough,2002-05-24
Anne Fletcher,Hot Pursuit,2015-05-08
Peter Segal,The Naked Gun 33⅓: The Final Insult,1994-03-18
Louis Leterrier,Unleashed,2005-02-02
Stephen Herek,The Mighty Ducks,1992-10-01
Brian Robbins,Meet Dave,2008-07-08
Kenneth Branagh,Jack Ryan: Shadow Recruit,2014-01-15
John Carpenter,Escape from New York,1981-05-22
John Frankenheimer,The Island of Dr. Moreau,1996-08-23
Stephen Frears,Florence Foster Jenkins,2016-05-06
Jason Friedberg,Date Movie,2006-02-17
Paul Thomas Anderson,Magnolia,1999-12-08
Spike Lee,Malcolm X,1992-11-18
David Ayer,End of Watch,2012-09-20
Lasse Hallström,Hachi: A Dog's Tale,2009-06-13
Francis Ford Coppola,The Godfather: Part II,1974-12-20
Cameron Crowe,Almost Famous,2000-09-15
John Whitesell,Deck the Halls,2006-11-22
Stephen Frears,High Fidelity,2000-03-17
George A. Romero,Land of the Dead,2005-06-24
Wes Anderson,Fantastic Mr. Fox,2009-10-23
Taylor Hackford,Parker,2013-01-23
Kevin Reynolds,Risen,2016-02-19
John Madden,The Debt,2010-04-11
Brian Levant,The Spy Next Door,2010-01-15
Chuck Russell,A Nightmare on Elm Street 3: Dream Warriors,1987-02-27
Darren Aronofsky,The Wrestler,2008-09-07
F. Gary Gray,The Negotiator,1998-07-29
Richard Linklater,Boyhood,2014-06-05
Stanley Kubrick,The Shining,1980-05-22
Malcolm D. Lee,Welcome Home Roscoe Jenkins,2008-02-08
Lee Tamahori,The Edge,1997-09-06
Paul Thomas Anderson,Boogie Nights,1997-09-11
Gary Fleder,Homefront,2013-11-27
Brian Helgeland,Legend,2015-09-09
Terry Gilliam,Time Bandits,1981-07-13
John Carpenter,Escape from L.A.,1996-08-09
Kevin Smith,Zack and Miri Make a Porno,2008-09-18
Roman Polanski,Oliver Twist,2005-09-23
Mike Newell,Donnie Brasco,1997-02-27
Terry Gilliam,The Fisher King,1991-09-09
Anne Fletcher,The Guilt Trip,2012-12-19
John Frankenheimer,Ronin,1998-09-25
Malcolm D. Lee,Undercover Brother,2002-05-31
Stephen Daldry,The Hours,2002-12-27
Joe Dante,Gremlins 2: The New Batch,1990-06-15
George Clooney,Leatherheads,2008-03-24
Richard LaGravenese,Freedom Writers,2007-01-05
William Friedkin,The French Connection,1971-10-09
Stephen Herek,Bill & Ted's Excellent Adventure,1989-02-17
Brian Robbins,Hardball,2001-09-14
Kenny Ortega,Hocus Pocus,1993-07-16
Robert Redford,The Legend of Bagger Vance,2000-11-02
Frank Oz,Little Shop of Horrors,1986-12-19
Wayne Wang,Last Holiday,2006-01-13
Donald Petrie,Just My Luck,2006-05-12
Mel Brooks,Spaceballs,1987-06-24
Spike Lee,Do the Right Thing,1989-06-30
Tyler Perry,For Colored Girls,2010-11-05
Donald Petrie,My Favorite Martian,1999-02-11
Steve Miner,Friday the 13th Part III,1982-08-13
Kevin Smith,Jersey Girl,2004-03-25
Danny Boyle,127 Hours,2010-11-05
Michael Moore,Bowling for Columbine,2002-10-09
David Gordon Green,The Sitter,2011-12-09
Wes Anderson,The Life Aquatic with Steve Zissou,2004-12-10
Stephen Frears,Dangerous Liaisons,1988-12-16
Malcolm D. Lee,The Best Man,1999-10-22
Roger Donaldson,Thirteen Days,2000-12-24
Danny Boyle,Steve Jobs,2015-10-09
William Friedkin,The Hunted,2003-03-11
Andrew Adamson,Cirque du Soleil: Worlds Away,2012-11-09
George A. Romero,Day of the Dead,1985-07-19
Peter Hyams,The Relic,1997-01-10
Andy Fickman,She's the Man,2006-03-17
Kevin Smith,Jay and Silent Bob Strike Back,2001-08-22
Roman Polanski,Rosemary's Baby,1968-06-12
George Clooney,Confessions of a Dangerous Mind,2002-12-30
Wayne Wang,Because of Winn-Dixie,2005-02-18
Roger Donaldson,The November Man,2014-08-27
John Frankenheimer,Reindeer Games,2000-02-25
Alfred Hitchcock,Psycho,1960-06-16
Mel Brooks,History of the World: Part I,1981-06-12
Gavin O'Connor,Pride and Glory,2008-09-09
David Koepp,Premium Rush,2012-08-24
Mel Brooks,High Anxiety,1977-12-25
David Lynch,Dune,1984-12-14
Tobe Hooper,The Texas Chain Saw Massacre,1974-10-01
Kevin Smith,Dogma,1999-11-12
Fred Zinnemann,From Here to Eternity,1953-08-04
David Koepp,Mortdecai,2015-01-21
George A. Romero,Night of the Living Dead,1968-10-01
Doug Liman,Go,1999-04-09
Fred Zinnemann,A Man for All Seasons,1966-12-12
Paul Thomas Anderson,The Master,2012-09-07
Paul Weitz,Cirque du Freak: The Vampire's Assistant,2009-10-23
Rod Lurie,The Last Castle,2001-10-19
David Cronenberg,A Dangerous Method,2011-09-30
Alex Proyas,Dark City,1998-02-27
Peter Hyams,The Musketeer,2001-09-07
Paul Verhoeven,Black Book,2006-09-01
David Gordon Green,Your Highness,2011-04-08
David Lynch,The Elephant Man,1980-10-02
James Ivory,Howards End,1992-03-13
Guy Ritchie,RockNRolla,2008-09-04
Nicole Holofcener,Enough Said,2013-09-18
Alejandro González Iñárritu,Biutiful,2010-10-20
Lawrence Kasdan,Wyatt Earp,1994-06-24
Mike Nichols,Catch-22,1970-06-24
Stephen Hopkins,Race,2016-02-19
Jason Reitman,Thank You for Smoking,2005-09-05
Michael Moore,Sicko,2007-05-18
Scott Hicks,Hearts in Atlantis,2001-09-07
Andrew Niccol,Lord of War,2005-09-16
Sidney Lumet,Network,1976-11-01
James Ivory,The Remains of the Day,1993-11-05
Gavin O'Connor,Warrior,2011-09-09
Jason Reitman,Young Adult,2011-12-16
Brian Robbins,A Thousand Words,2012-03-07
Steve Miner,Friday the 13th Part 2,1981-05-01
Spike Lee,He Got Game,1998-05-01
John Carpenter,The Fog,1980-02-08
Gus Van Sant,To Die For,1995-05-20
David Koepp,Stir of Echoes,1999-09-10
Sidney Lumet,The Wiz,1978-10-24
George A. Romero,Creepshow,1982-11-12
James Ivory,A Room with a View,1985-12-13
David Cronenberg,The Dead Zone,1983-10-21
Donald Petrie,My Life in Ruins,2009-02-06
Paul Verhoeven,Showgirls,1995-09-22
Jason Reitman,Labor Day,2013-12-27
Mira Nair,The Namesake,2006-09-02
David Lynch,Mulholland Drive,2001-05-16
Stanley Kubrick,Barry Lyndon,1975-12-18
John Carpenter,The Thing,1982-06-25
Michael Winterbottom,A Mighty Heart,2007-01-01
Wayne Wang,Anywhere But Here,1999-11-12
Mike Leigh,Another Year,2010-11-05
Paul Weitz,Admission,2013-03-21
Joe Dante,The Howling,1981-04-03
Alexander Payne,Nebraska,2013-09-21
David Ayer,Sabotage,2014-03-28
Michael Moore,Capitalism: A Love Story,2009-09-06
Michael Apted,Extreme Measures,1996-09-27
Tim Hill,Max Keeble's Big Move,2001-10-05
Paul Thomas Anderson,Punch-Drunk Love,2002-10-25
Stephen Herek,Rock Star,2001-09-04
Neil Jordan,Michael Collins,1996-10-25
Stephen Herek,Life or Something Like It,2002-04-26
Miguel Arteta,The Good Girl,2002-01-12
Tim Hill,Muppets from Space,1999-07-14
Spike Lee,Mo' Better Blues,1990-08-03
Mira Nair,Vanity Fair,2004-09-01
Richard Linklater,Before Sunset,2004-02-10
Robert Redford,The Conspirator,2010-09-10
Darren Aronofsky,The Fountain,2006-09-06
Jason Friedberg,Disaster Movie,2008-08-29
Jean-Pierre Jeunet,Micmacs,2009-10-28
Les Mayfield,American Outlaws,2001-08-17
Catherine Hardwicke,Lords of Dogtown,2005-06-03
Nicole Holofcener,Friends with Money,2006-09-07
Alfred Hitchcock,Torn Curtain,1966-07-13
Richard LaGravenese,Living Out Loud,1998-10-30
Fred Zinnemann,The Nun's Story,1959-06-18
Andrzej Bartkowiak,Street Fighter: The Legend of Chun-Li,2009-02-27
Alfred Hitchcock,Frenzy,1972-05-25
Andrew Niccol,Gattaca,1997-09-07
Les Mayfield,The Man,2005-09-08
Brian Robbins,Ready to Rumble,2000-04-07
Richard Lester,A Hard Day's Night,1964-07-06
William Friedkin,Sorcerer,1977-06-24
Brian Helgeland,The Order,2003-09-05
Richard Linklater,Before Midnight,2013-04-05
Michael Polish,The Astronaut Farmer,2006-10-15
Neil Jordan,The End of the Affair,1999-12-03
Terry Gilliam,Fear and Loathing in Las Vegas,1998-05-22
Uwe Boll,Alone in the Dark,2005-01-28
Peter Chelsom,Town & Country,2001-04-27
Les Mayfield,Code Name: The Cleaner,2007-01-05
Rod Lurie,Straw Dogs,2011-09-16
David R. Ellis,Shark Night,2011-09-02
William Friedkin,Jade,1995-10-13
Gary Fleder,The Express,2008-10-10
Frank Capra,It's a Wonderful Life,1946-12-20
Frank Capra,Mr. Smith Goes to Washington,1939-10-19
Jean-Pierre Jeunet,The Young and Prodigious T.S. Spivet,2013-10-16
Stanley Kubrick,Dr. Strangelove or: How I Learned to Stop Worrying and Love the Bomb,1964-01-29
Bill Condon,The Fifth Estate,2013-10-11
Atom Egoyan,Chloe,2009-03-25
Brad Anderson,The Machinist,2004-02-09
Gus Van Sant,Promised Land,2012-09-23
Tobe Hooper,The Texas Chainsaw Massacre 2,1986-08-22
Fred Zinnemann,High Noon,1952-03-27
Alfred Hitchcock,Family Plot,1976-04-09
Frank Capra,You Can't Take It With You,1938-08-23
Darren Aronofsky,Requiem for a Dream,2000-10-27
Paul Weitz,American Dreamz,2006-03-04
Tom Tykwer,Run Lola Run,1998-08-20
Guy Hamilton,Force 10 from Navarone,1978-11-01
David Gordon Green,Our Brand Is Crisis,2015-09-11
Kenny Ortega,High School Musical 2,2007-08-17
Alfred Hitchcock,Spellbound,1945-12-28
David Zucker,An American Carol,2008-10-03
David Lynch,Eraserhead,1977-03-19
Miguel Arteta,Cedar Rapids,2011-02-11
John Frankenheimer,The Train,1964-09-21
Michael Moore,Roger & Me,1989-09-01
Bill Condon,Gods and Monsters,1998-01-21
Peter Hyams,A Sound of Thunder,2005-05-15
Brad Anderson,Transsiberian,2008-01-18
Curtis Hanson,Lucky You,2007-05-01
Lee Tamahori,The Devil's Double,2011-02-11
Mike Leigh,Mr. Turner,2014-10-31
George A. Romero,Diary of the Dead,2007-09-08
Frank Capra,Pocketful of Miracles,1961-12-18
Tobe Hooper,Invaders from Mars,1986-01-01
Michael Polish,90 Minutes in Heaven,2015-09-11
Mike Newell,Love in the Time of Cholera,2007-10-04
Catherine Hardwicke,Thirteen,2003-08-20
Frank Capra,It Happened One Night,1934-02-22
Nicole Holofcener,Lovely & Amazing,2001-08-31
Mira Nair,Kama Sutra - A Tale of Love,1996-09-11
Atom Egoyan,The Sweet Hereafter,1997-05-14
Gary Winick,Tadpole,2002-11-01
David Cronenberg,eXistenZ,1999-04-14
Mira Nair,The Perez Family,1995-05-12
Sidney Lumet,Find Me Guilty,2006-03-16
Tom Tykwer,Three,2010-12-23
James Ivory,Jefferson in Paris,1995-03-31
Uwe Boll,BloodRayne,2005-10-22
David Gordon Green,Joe,2014-04-11
Paul Schrader,Auto Focus,2002-10-18
Chris Weitz,A Better Life,2011-06-24
Neil Jordan,Ondine,2009-09-14
Gavin O'Connor,Jane Got a Gun,2016-01-01
Wayne Wang,Snow Flower and the Secret Fan,2011-07-15
Gavin O'Connor,Tumbleweeds,1999-11-28
Curtis Hanson,Losin' It,1983-04-08
Sidney Lumet,12 Angry Men,1957-03-25
Gary Fleder,Things to Do in Denver When You're Dead,1995-12-01
Luc Besson,Subway,1985-04-10
Brad Anderson,Session 9,2001-08-10
Andrew Niccol,Good Kill,2015-04-09
Kevin Reynolds,Rapa Nui,1994-09-09
Darren Lynn Bousman,Repo! The Genetic Opera,2008-07-18
Paul Schrader,The Canyons,2013-07-29
Frank Oz,Death at a Funeral,2007-02-09
Norman Jewison,F.I.S.T.,1978-04-26
Steve Miner,Texas Rangers,2001-11-30
Scott Hicks,Snow Falling on Cedars,1999-12-22
James Ivory,Maurice,1987-09-18
Frank Oz,In & Out,1997-09-10
Larry Charles,Religulous,2008-10-01
Larry Charles,Brüno,2009-07-08
Zhang Yimou,Curse of the Golden Flower,2006-12-21
Catherine Hardwicke,Plush,2013-09-13
Richard LaGravenese,The Last Five Years,2014-11-03
Michael Polish,Northfork,2003-01-01
Richard Lester,A Funny Thing Happened on the Way to the Forum,1966-10-16
Chuck Russell,Bless the Child,2000-08-11
Curtis Hanson,The River Wild,1994-09-30
Atom Egoyan,Exotica,1994-09-24
Jonathan Demme,Rachel Getting Married,2008-10-03
Miguel Arteta,Chuck & Buck,2000-01-21
Justin Lin,Better Luck Tomorrow,2002-01-12
Darren Lynn Bousman,Alleluia! The Devil's Carnival,2016-03-29
Uwe Boll,Rampage,2009-08-14
Peter Chelsom,The Mighty,1998-10-23
Nicole Holofcener,Walking and Talking,1996-07-17
Brad Anderson,Next Stop Wonderland,1998-08-21
Uwe Boll,In the Name of the King: A Dungeon Siege Tale,2007-11-29
Mira Nair,Monsoon Wedding,2001-08-30
Mike Nichols,What Planet Are You From?,2000-03-03
Jean-Pierre Jeunet,A Very Long Engagement,2004-10-26
Jonathan Demme,Beloved,1998-10-16
Mike Nichols,Primary Colors,1998-03-20
Taylor Hackford,Proof of Life,2000-12-08
John Landis,The Kentucky Fried Movie,1977-08-10
Justin Lin,Finishing The Game,2007-01-21
Michael Polish,Twin Falls Idaho,1999-07-30
Kenny Ortega,This Is It,2009-10-28
Rod Lurie,Deterrence,2000-03-10
Alexander Payne,Election,1999-04-23
Kenneth Branagh,Hamlet,1996-12-25
Kenneth Branagh,Much Ado About Nothing,1993-05-07
Atom Egoyan,Ararat,2002-05-20
Rod Lurie,The Contender,2000-10-13
Jonathan Liebesman,The Texas Chainsaw Massacre: The Beginning,2006-10-06
Mike Leigh,All or Nothing,2002-05-17
John Whitesell,See Spot Run,2001-03-02
Steve Miner,Warlock,1989-06-01
Miguel Arteta,Youth in Revolt,2009-09-11
Larry Charles,Masked and Anonymous,2003-08-08
Michael Winterbottom,Code 46,2003-09-02
Jonathan Liebesman,Darkness Falls,2003-01-24
Mike Leigh,Vera Drake,2004-10-22
Bill Condon,Kinsey,2004-09-04
David Zucker,My Boss's Daughter,2003-08-21
Lawrence Kasdan,Darling Companion,2012-04-20
Zhang Yimou,"A Woman, a Gun and a Noodle Shop",2009-12-11
Rod Lurie,Resurrecting the Champ,2007-06-14
Michael Winterbottom,The Claim,2000-12-29
Kenny Ortega,High School Musical 3: Senior Year,2008-10-22
Stephen Daldry,Trash,2014-10-09
Michael Winterbottom,The Killer Inside Me,2010-02-19
Paul Schrader,Cat People,1982-04-02
John Whitesell,Malibu's Most Wanted,2003-04-10
Paul Schrader,Adam Resurrected,2008-08-08
Atom Egoyan,Felicia's Journey,1999-11-24
David Lynch,The Straight Story,1999-10-15
Uwe Boll,In the Name of the King III,2013-12-27
Lawrence Kasdan,Silverado,1985-07-10
Michael Winterbottom,The Face of an Angel,2014-09-06
Kenny Ortega,High School Musical,2006-01-20
Paul Weitz,In Good Company,2004-12-29
Lawrence Kasdan,Mumford,1999-09-24
Norman Jewison,The Statement,2003-12-12
Nicole Holofcener,Please Give,2010-01-22
Michael Polish,Amnesiac,2015-08-14
Kirk Jones,Waking Ned,1998-09-15
Gary Winick,Letters to Juliet,2010-05-14
Taylor Hackford,Bound by Honor,1993-02-05
Norman Jewison,Bogus,1996-09-06
Scott Hicks,Shine,1996-01-21
David Koepp,Ghost Town,2008-09-19
Kirk Jones,Everybody's Fine,2009-12-04
Robert Redford,Ordinary People,1980-09-19
Mike Leigh,Topsy-Turvy,1999-09-03
Fred Zinnemann,Julia,1977-10-02
Tobe Hooper,Lifeforce,1985-06-20
Paul Schrader,Dying of the Light,2014-12-04
Richard Lester,Robin and Marian,1976-03-11
