idx,키워드,count
수익별,on,34
수익별,based,32
수익별,of,26
수익별,comic,26
수익별,duringcreditsstinger,23
수익별,3d,21
수익별,marvel,21
수익별,aftercreditsstinger,20
수익별,superhero,19
수익별,space,19
수익별,the,18
수익별,novel,17
수익별,hero,14
수익별,and,13
수익별,sequel,13
수익별,war,13
수익별,secret,12
수익별,book,12
수익별,death,12
수익별,universe,11
수익별,magic,11
수익별,world,11
수익별,alien,11
수익별,imax,11
수익별,love,10
수익별,child,9
수익별,father,9
수익별,loss,9
수익별,dc,8
수익별,future,8
수익별,super,8
수익별,friend,8
수익별,mission,8
수익별,robot,8
수익별,island,8
수익별,cinematic,7
수익별,park,7
수익별,battle,7
수익별,school,7
수익별,dystopia,7
수익별,time,7
수익별,relationship,7
수익별,woman,7
수익별,sorcery,6
수익별,adult,6
수익별,sword,6
수익별,animal,6
수익별,orcs,6
수익별,elves,6
수익별,car,6
수익별,broom,6
수익별,young,6
수익별,witch,6
수익별,ice,6
수익별,ship,6
수익별,a,6
수익별,powers,6
수익별,life,6
수익별,witchcraft,5
수익별,black,5
수익별,travel,5
수익별,fantasy,5
수익별,to,5
수익별,middle-earth,5
수익별,(tolkien),5
수익별,vampire,5
수익별,pirate,5
수익별,animation,5
수익별,hobbit,5
수익별,apprentice,5
수익별,opera,5
수익별,wizard,5
수익별,vigilante,5
수익별,saving,5
수익별,villain,5
수익별,comics,5
수익별,identity,5
수익별,giant,4
수익별,swashbuckler,4
수익별,cord,4
수익별,evil,4
수익별,dying,4
수익별,cutting,4
수익별,crime,4
수익별,traitor,4
수익별,transformers,4
수익별,one's,4
수익별,daughter,4
수익별,toy,4
수익별,best,4
수익별,game,4
수익별,exotic,4
수익별,city,4
수익별,in,4
수익별,female,4
수익별,explosion,4
수익별,dwarves,4
수익별,brother,4
수익별,spaceship,4
수익별,son,4
수익별,monkey,4
수익별,figure,4
수익별,sorcerer's,4
수익별,revenge,4
수익별,dream,4
수익별,flying,4
수익별,werewolf,4
수익별,disaster,4
수익별,race,4
수익별,teenage,4
수익별,star,4
수익별,single,4
수익별,lover,3
수익별,spider,3
수익별,vamp,3
수익별,arts,3
수익별,agent,3
수익별,shipwreck,3
수익별,spy,3
수익별,martial,3
수익별,escape,3
수익별,snake,3
수익별,monster,3
수익별,director,3
수익별,invasion,3
수익별,extended,3
수익별,rebellion,3
수익별,police,3
수익별,treasure,3
수익별,fight,3
수익별,lovers,3
수익별,fighter,3
수익별,protagonist,3
수익별,tragic,3
수익별,man,3
수익별,kingdom,3
수익별,transformation,3
수익별,survival,3
수익별,conspiracy,3
수익별,dinosaur,3
수익별,fang,3
수익별,tiger,3
수익별,strong,3
수익별,fictional,3
수익별,family,3
수익별,vietnam,3
수익별,astronaut,3
수익별,nasa,3
수익별,machine,3
수익별,scientist,3
수익별,company,3
수익별,trading,3
수익별,india,3
수익별,dragon,3
수익별,east,3
수익별,queen,3
수익별,destruction,3
수익별,age,3
수익별,vision,3
수익별,captain,3
수익별,planet,3
수익별,anti,3
수익별,attack,3
수익별,soldier,3
수익별,chaos,2
수익별,wretch,2
수익별,hostility,2
수익별,tournament,2
수익별,place,2
수익별,riddle,2
수익별,floating,2
수익별,courage,2
수익별,america,2
수익별,underground,2
수익별,bridge,2
수익별,dual,2
수익별,ring,2
수익별,mountains,2
수익별,marriage,2
수익별,anthropomorphism,2
수익별,medical,2
수익별,goblin,2
수익별,ancient,2
수익별,galaxy,2
수익별,boarding,2
수익별,talking,2
수익별,uncle,2
수익별,intelligence,2
수익별,galactic,2
수익별,abuse,2
수익별,artificial,2
수익별,alliance,2
수익별,changing,2
수익별,afterlife,2
수익별,mother,2
수익별,relationships,2
수익별,friendship,2
수익별,bow,2
수익별,tank,2
수익별,cult,2
수익별,barrier,2
수익별,vienna,2
수익별,prophecy,2
수익별,orphan,2
수익별,jungle,2
수익별,organized,2
수익별,mentor,2
수익별,fairy-tale,2
수익별,liberation,2
수익별,prison,2
수익별,computer,2
수익별,knife,2
수익별,halloween,2
수익별,senate,2
수익별,chosen,2
수익별,one,2
수익별,boy,2
수익별,fu,2
수익별,games,2
수익별,army,2
수익별,kung,2
수익별,wolf,2
수익별,elephant,2
수익별,superhuman,2
수익별,arrow,2
수익별,melting,2
수익별,post-apocalyptic,2
수익별,end,2
수익별,cartoon,2
수익별,cowardliness,2
수익별,rescue,2
수익별,bravery,2
수익별,jedi,2
수익별,violence,2
수익별,class,2
수익별,rich,2
수익별,spacecraft,2
수익별,british,2
수익별,service,2
수익별,ocean,2
수익별,booby,2
수익별,fairy,2
수익별,extraterrestrial,2
수익별,tale,2
수익별,china,2
수익별,moon,2
수익별,self,2
수익별,rex,2
수익별,troll,2
수익별,dark,2
수익별,terrorist,2
수익별,jurassic,2
수익별,theme,2
수익별,amusement,2
수익별,suspense,2
수익별,iron,2
수익별,minions,2
수익별,tyrannosaurus,2
수익별,dna,2
수익별,team,2
수익별,shield,2
수익별,york,2
수익별,new,2
수익별,mastermind,2
수익별,burglar,2
수익별,epic,2
수익별,hostage,2
수익별,vs,2
수익별,bite,2
수익별,heist,2
수익별,redemption,2
수익별,bear,2
수익별,batman,2
수익별,seeing,2
수익별,marine,2
수익별,gold,2
수익별,reboot,2
수익별,nuclear,2
수익별,criminal,2
수익별,washington,2
수익별,engineering,2
수익별,society,2
수익별,romance,2
수익별,panda,2
수익별,mutiny,2
수익별,iceberg,2
수익별,adaptation,2
수익별,gotham,2
수익별,civilization,2
수익별,villainess,2
수익별,colony,2
수익별,experiment,2
수익별,pokies,2
수익별,south,1
수익별,totalitarianism,1
수익별,natural,1
수익별,adventurer,1
수익별,outer,1
수익별,central,1
수익별,difference,1
수익별,stormtrooper,1
수익별,balloon,1
수익별,force,1
수익별,apocalypse,1
수익별,empire,1
수익별,tentacle,1
수익별,mercenary,1
수익별,healing,1
수익별,religion,1
수익별,wall,1
수익별,android,1
수익별,eruption,1
수익별,fourth,1
수익별,cyberpunk,1
수익별,hermit,1
수익별,faith,1
수익별,reality,1
수익별,virtual,1
수익별,lightsaber,1
수익별,rave,1
수익별,precognition,1
수익별,gnosticism,1
수익별,breaking,1
수익별,plato,1
수익별,key,1
수익별,virus,1
수익별,truth,1
수익별,smuggler,1
수익별,volcanic,1
수익별,past,1
수익별,mayan,1
수익별,cupboard,1
수익별,tomb,1
수익별,catholicism,1
수익별,cryptologist,1
수익별,narnia,1
수익별,iconography,1
수익별,albino,1
수익별,sect,1
수익별,sleeping,1
수익별,lion,1
수익별,beaver,1
수익별,beauty,1
수익별,retelling,1
수익별,literary,1
수익별,ogre,1
수익별,ark,1
수익별,serum,1
수익별,scientific,1
수익별,winter,1
수익별,sacrifice,1
수익별,sister,1
수익별,subjugation,1
수익별,air,1
수익별,human,1
수익별,genetic,1
수익별,social,1
수익별,outcast,1
수익별,prejudice,1
수익별,revolt,1
수익별,pentagram,1
수익별,1970s,1
수익별,mutant,1
수익별,freemason,1
수익별,solar,1
수익별,No keyword,1
수익별,scary,1
수익별,university,1
수익별,mankind,1
수익별,dormitory,1
수익별,supervillain,1
수익별,paris,1
수익별,holy,1
수익별,shared,1
수익별,grail,1
수익별,christianity,1
수익별,madagascar,1
수익별,or,1
수익별,resistance,1
수익별,monk,1
수익별,zurich,1
수익별,louvre,1
수익별,curator,1
수익별,beast,1
수익별,symbologist,1
수익별,opus,1
수익별,dei,1
수익별,storm,1
수익별,heresy,1
수익별,mona,1
수익별,lisa,1
수익별,masked,1
수익별,culture,1
수익별,exploring,1
수익별,turtle,1
수익별,investigation,1
수익별,wedding,1
수익별,kendo,1
수익별,laser,1
수익별,gun,1
수익별,spaceport,1
수익별,good,1
수익별,becoming,1
수익별,mechanical,1
수익별,hand,1
수익별,yoda,1
수익별,hostile,1
수익별,takeover,1
수익별,norse,1
수익별,mythology,1
수익별,asgard,1
수익별,restaurant,1
수익별,dead,1
수익별,superheroes,1
수익별,teen,1
수익별,capuchin,1
수익별,skeleton,1
수익별,governor,1
수익별,wooden,1
수익별,eye,1
수익별,coin,1
수익별,alcoholic,1
수익별,caribbean,1
수익별,tortuga,1
수익별,dilemma,1
수익별,revolution,1
수익별,talent,1
수익별,another,1
수익별,dimension,1
수익별,genius,1
수익별,hate,1
수익별,moral,1
수익별,shop,1
수익별,sensei,1
수익별,proposal,1
수익별,fighting,1
수익별,run,1
수익별,money,1
수익별,fugitive,1
수익별,chase,1
수익별,escaped,1
수익별,convict,1
수익별,automobile,1
수익별,racing,1
수익별,alcohol,1
수익별,forbidden,1
수익별,affection,1
수익별,advertising,1
수익별,expert,1
수익별,alcoholism,1
수익별,invulnerability,1
수익별,government,1
수익별,agency,1
수익별,crash,1
수익별,from,1
수익별,freedom,1
수익별,mars,1
수익별,master,1
수익별,destiny,1
수익별,warrior,1
수익별,noodle,1
수익별,supernatural,1
수익별,weapon,1
수익별,lawsuit,1
수익별,isolation,1
수익별,fbi,1
수익별,botanist,1
수익별,stranded,1
수익별,science,1
수익별,deep,1
수익별,explorer,1
수익별,for,1
수익별,brazil,1
수익별,jamaica,1
수익별,blacksmith,1
수익별,trapped,1
수익별,running,1
수익별,throwing,1
수익별,archery,1
수익별,blindness,1
수익별,glamour,1
수익별,roasted,1
수익별,pig,1
수익별,sponsor,1
수익별,chariot,1
수익별,tv,1
수익별,show,1
수익별,mine,1
수익별,london,1
수익별,england,1
수익별,austria,1
수익별,veteran,1
수익별,hippie,1
수익별,mentally,1
수익별,hallucination,1
수익별,threat,1
수익별,arm,1
수익별,research,1
수익별,d.c.,1
수익별,political,1
수익별,thriller,1
수익별,leader,1
수익별,forest,1
수익별,woods,1
수익별,ape,1
수익별,plague,1
수익별,broken,1
수익별,cinema,1
수익별,destroy,1
수익별,obsession,1
수익별,electrocution,1
수익별,electricity,1
수익별,graduation,1
수익별,immortality,1
수익별,disabled,1
수익별,bully,1
수익별,saber-toothed,1
수익별,military,1
수익별,paradox,1
수익별,relativity,1
수익별,sense,1
수익별,guilt,1
수익별,confidence,1
수익별,psychology,1
수익별,crisis,1
수익별,paranormal,1
수익별,phenomena,1
수익별,spiritism,1
수익별,hope,1
수익별,fleet,1
수익별,mammoth,1
수익별,sloth,1
수익별,flooding,1
수익별,adventure,1
수익별,deluge,1
수익별,gravity,1
수익별,zero,1
수익별,astrophysics,1
수익별,expedition,1
수익별,hugging,1
수익별,shrimping,1
수익별,wounded,1
수익별,flashback,1
수익별,bench,1
수익별,amputee,1
수익별,parent,1
수익별,wormhole,1
수익별,station,1
수익별,famine,1
수익별,hole,1
수익별,against,1
수익별,quantum,1
수익별,mechanics,1
수익별,farmhouse,1
수익별,farmer,1
수익별,doctor,1
수익별,showdown,1
수익별,pizza,1
수익별,sailing,1
수익별,duke,1
수익별,mermaid,1
수익별,alice,1
수익별,wonderland,1
수익별,journey,1
수익별,tunnel,1
수익별,lake,1
수익별,buried,1
수익별,climbing,1
수익별,tree,1
수익별,invisibility,1
수익별,gnomes,1
수익별,scarecrow,1
수익별,sadism,1
수익별,joker,1
수익별,silver,1
수익별,minister,1
수익별,attorney,1
수익별,prime,1
수익별,day,1
수익별,care,1
수익별,teddy,1
수익별,comes,1
수익별,personification,1
수익별,inanimate,1
수익별,objects,1
수익별,coming,1
수익별,story,1
수익별,fortune,1
수익별,teller,1
수익별,bondage,1
수익별,card,1
수익별,compass,1
수익별,sea,1
수익별,district,1
수익별,christmas,1
수익별,paleontology,1
수익별,reef,1
수익별,short,1
수익별,term,1
수익별,memory,1
수익별,clownfish,1
수익별,reunion,1
수익별,protective,1
수익별,occultism,1
수익별,wizardry,1
수익별,apparition,1
수익별,crush,1
수익별,explosive,1
수익별,cave,1
수익별,fort,1
수익별,guide,1
수익별,taskmaster,1
수익별,missing,1
수익별,great,1
수익별,party,1
수익별,fish,1
수익별,frog,1
수익별,bakery,1
수익별,falling,1
수익별,first,1
수익별,date,1
수익별,feral,1
수익별,panther,1
수익별,remake,1
수익별,animals,1
수익별,drug,1
수익별,calypso,1
수익별,corruption,1
수익별,unlikely,1
수익별,harbor,1
수익별,underwater,1
수익별,barbie,1
수익별,college,1
수익별,underworld,1
수익별,snob,1
수익별,velociraptor,1
수익별,horror,1
수익별,speed,1
수익별,muscle,1
수익별,musical,1
수익별,princess,1
수익별,betrayal,1
수익별,snowman,1
수익별,reindeer,1
수익별,curse,1
수익별,snow,1
수익별,mountain,1
수익별,climber,1
수익별,terror,1
수익별,tennessee,1
수익별,1910s,1
수익별,salvage,1
수익별,flood,1
수익별,steerage,1
수익별,futuristic,1
수익별,tribe,1
수익별,cgi,1
수익별,affair,1
수익별,power,1
수익별,relations,1
수익별,mind,1
수익별,soul,1
수익별,panic,1
수익별,titanic,1
수익별,liner,1
수익별,-,1
수익별,poor,1
수익별,differences,1
수익별,crossed,1
수익별,malibu,1
수익별,tony,1
수익별,stark,1
수익별,mandarin,1
수익별,gallery,1
수익별,istanbul,1
수익별,turkey,1
수익별,uzi,1
수익별,trap,1
수익별,impersonating,1
수익별,officer,1
수익별,macao,1
수익별,transforming,1
수익별,drama,1
수익별,bomb,1
수익별,cover-up,1
수익별,terrorism,1
수익별,catwoman,1
수익별,cat,1
수익별,art,1
수익별,killer,1
수익별,sociopath,1
수익별,word,1
수익별,patriot,1
수익별,extremis,1
수익별,assistant,1
수익별,civil,1
수익별,bodyguard,1
수익별,sabotage,1
수익별,domination,1
수익별,quest,1
수익별,commando,1
수익별,suspicion,1
수익별,honor,1
수익별,brutality,1
수익별,ghost,1
수익별,trilogy,1
수익별,taxes,1
수익별,triceratops,1
수익별,archeology ,1
수익별,countdown,1
수익별,ufo,1
수익별,ambush,1
수익별,sadness,1
수익별,stage,1
수익별,prisoners,1
수익별,prince,1
수익별,donkey,1
수익별,theatre,1
수익별,play,1
수익별,conciliation,1
수익별,tricks,1
수익별,heir,1
수익별,throne,1
수익별,assault,1
수익별,coup,1
수익별,independence,1
수익별,patriotism,1
수익별,teacher,1
수익별,superman,1
수익별,breed,1
수익별,bloodsucker,1
수익별,grudge,1
수익별,chief,1
수익별,dhampir,1
수익별,forks,1
수익별,pack,1
수익별,misinformation,1
수익별,kidnapping,1
수익별,sleep,1
수익별,subconsciousness,1
수익별,thanksgiving,1
수익별,bad,1
수익별,boss,1
수익별,reference,1
수익별,d'etat,1
수익별,pregnancy,1
수익별,brontosaurus,1
수익별,king,1
수익별,hyena,1
수익별,meerkat,1
수익별,whip,1
수익별,mexico,1
수익별,leather,1
수익별,jacket,1
수익별,machinegun,1
수익별,phenomenons,1
수익별,maya,1
수익별,peru,1
수익별,hunt,1
수익별,refrigerator,1
수익별,archaeologist,1
수익별,indiana,1
수익별,jones,1
수익별,scar,1
수익별,shaman,1
수익별,capture,1
수익별,boar,1
수익별,farewell,1
수익별,homesickness,1
수익별,technology,1
수익별,operation,1
수익별,hiding,1
수익별,riding,1
수익별,bicycle,1
수익별,saucer,1
수익별,prosecution,1
수익별,flowerpot,1
수익별,finger,1
수익별,griffon,1
수익별,muggle,1
수익별,parents,1
수익별,wild,1
수익별,cross,1
수익별,imprinting,1
수익별,strength,1
수익별,united,1
수익별,footed,1
수익별,prehistoric,1
수익별,times,1
수익별,badger,1
수익별,seal,1
수익별,land,1
수익별,era,1
수익별,glaciale,1
수익별,deriva,1
수익별,pet,1
수익별,bunny,1
수익별,dog,1
수익별,apartment,1
수익별,building,1
수익별,sewer,1
수익별,blue,1
수익별,mi6,1
수익별,artifact,1
수익별,birth,1
수익별,electric,1
수익별,fence,1
수익별,honeymoon,1
수익별,parents-in-law,1
수익별,enchantment,1
수익별,dancing,1
수익별,scene,1
수익별,teenager,1
수익별,amnesia,1
수익별,sandstorm,1
수익별,forgiveness,1
수익별,egomania,1
수익별,sand,1
수익별,narcism,1
수익별,insanity,1
수익별,terrier,1
수익별,"manhattan,",1
수익별,rodent,1
수익별,mongrel,1
수익별,chancel,1
수익별,childbirth,1
수익별,competition,1
수익별,factory,1
수익별,television,1
수익별,propaganda,1
수익별,president,1
수익별,uprising,1
수익별,murder,1
수익별,blood,1
수익별,danger,1
수익별,winner,1
수익별,egypt,1
수익별,sun,1
수익별,symbol,1
수익별,expectant,1
수익별,sequence,1
수익별,hatred,1
수익별,volcano,1
수익별,clark,1
수익별,kent,1
수익별,bruce,1
수익별,wayne,1
수익별,fireworks,1
수익별,castle,1
수익별,password,1
수익별,clash,1
수익별,mirror,1
수익별,imaginary,1
수익별,moving,1
수익별,kids,1
수익별,unicorn,1
수익별,emotions,1
수익별,history,1
인기도별,on,38
인기도별,based,36
인기도별,3d,26
인기도별,comic,25
인기도별,novel,20
인기도별,space,18
인기도별,marvel,18
인기도별,aftercreditsstinger,18
인기도별,of,18
인기도별,superhero,18
인기도별,relationship,15
인기도별,the,15
인기도별,dystopia,14
인기도별,book,14
인기도별,and,14
인기도별,war,14
인기도별,duringcreditsstinger,14
인기도별,hero,13
인기도별,love,13
인기도별,world,12
인기도별,future,12
인기도별,sequel,12
인기도별,death,12
인기도별,father,11
인기도별,robot,10
인기도별,magic,9
인기도별,adult,9
인기도별,secret,9
인기도별,crime,9
인기도별,young,9
인기도별,universe,9
인기도별,woman,9
인기도별,imax,8
인기도별,city,8
인기도별,alien,8
인기도별,son,8
인기도별,intelligence,8
인기도별,dc,7
인기도별,cinematic,7
인기도별,identity,7
인기도별,drug,7
인기도별,evil,7
인기도별,daughter,7
인기도별,new,6
인기도별,man,6
인기도별,school,6
인기도별,artificial,6
인기도별,time,6
인기도별,loss,6
인기도별,revenge,6
인기도별,post-apocalyptic,6
인기도별,friend,6
인기도별,super,6
인기도별,car,6
인기도별,prehistoric,5
인기도별,vampire,5
인기도별,murder,5
인기도별,ship,5
인기도별,park,5
인기도별,animal,5
인기도별,attack,5
인기도별,pirate,5
인기도별,elves,5
인기도별,company,5
인기도별,violence,5
인기도별,powers,5
인기도별,battle,5
인기도별,vs,5
인기도별,ancient,5
인기도별,orcs,5
인기도별,witch,5
인기도별,rescue,5
인기도별,family,5
인기도별,police,5
인기도별,sword,5
인기도별,vigilante,5
인기도별,director,5
인기도별,comics,5
인기도별,(tolkien),5
인기도별,middle-earth,5
인기도별,travel,5
인기도별,kids,4
인기도별,futuristic,4
인기도별,bear,4
인기도별,swashbuckler,4
인기도별,romance,4
인기도별,human,4
인기도별,dream,4
인기도별,opera,4
인기도별,game,4
인기도별,mission,4
인기도별,tragic,4
인기도별,east,4
인기도별,york,4
인기도별,fighter,4
인기도별,villain,4
인기도별,agent,4
인기도별,survival,4
인기도별,sorcery,4
인기도별,island,4
인기도별,giant,4
인기도별,astronaut,4
인기도별,broom,4
인기도별,escape,4
인기도별,race,4
인기도별,child,4
인기도별,wizard,4
인기도별,black,4
인기도별,prison,4
인기도별,mother,4
인기도별,hobbit,4
인기도별,saving,4
인기도별,ii,3
인기도별,husband,3
인기도별,vamp,3
인기도별,fang,3
인기도별,monster,3
인기도별,team,3
인기도별,brother,3
인기도별,dying,3
인기도별,dwarves,3
인기도별,criminal,3
인기도별,lawyer,3
인기도별,chase,3
인기도별,courage,3
인기도별,hate,3
인기도별,arts,3
인기도별,a,3
인기도별,martial,3
인기도별,spaceship,3
인기도별,fairy,3
인기도별,cyborg,3
인기도별,tale,3
인기도별,gotham,3
인기도별,orphan,3
인기도별,exotic,3
인기도별,witchcraft,3
인기도별,superhuman,3
인기도별,vietnam,3
인기도별,india,3
인기도별,trading,3
인기도별,minions,3
인기도별,kingdom,3
인기도별,brutality,3
인기도별,undercover,3
인기도별,slavery,3
인기도별,soldier,3
인기도별,rivalry,3
인기도별,monkey,3
인기도별,mountains,3
인기도별,dealer,3
인기도별,wife,3
인기도별,vision,3
인기도별,disaster,3
인기도별,ring,2
인기도별,rage,2
인기도별,empire,2
인기도별,cutting,2
인기도별,blood,2
인기도별,holocaust,2
인기도별,extended,2
인기도별,liner,2
인기도별,bravery,2
인기도별,society,2
인기도별,biography,2
인기도별,corruption,2
인기도별,power,2
인기도별,android,2
인기도별,dual,2
인기도별,planet,2
인기도별,teenage,2
인기도별,marine,2
인기도별,machine,2
인기도별,england,2
인기도별,captain,2
인기도별,star,2
인기도별,in,2
인기도별,energy,2
인기도별,flying,2
인기도별,revolution,2
인기도별,invasion,2
인기도별,abuse,2
인기도별,nazis,2
인기도별,mutant,2
인기도별,supernatural,2
인기도별,apocalypse,2
인기도별,fictional,2
인기도별,disabled,2
인기도별,ocean,2
인기도별,mentally,2
인기도별,troll,2
인기도별,one's,2
인기도별,service,2
인기도별,life,2
인기도별,werewolf,2
인기도별,shipwreck,2
인기도별,strong,2
인기도별,runner,2
인기도별,dystopic,2
인기도별,trapped,2
인기도별,memory,2
인기도별,maze,2
인기도별,rebel,2
인기도별,british,2
인기도별,first,2
인기도별,ninja,2
인기도별,cord,2
인기도별,immortality,2
인기도별,mafia,2
인기도별,american,2
인기도별,to,2
인기도별,disease,2
인기도별,boss,2
인기도별,1940s,2
인기도별,terrorist,2
인기도별,sewer,2
인기도별,row,2
인기도별,sacrifice,2
인기도별,reboot,2
인기도별,sorcerer's,2
인기도별,apprentice,2
인기도별,military,2
인기도별,missing,2
인기도별,guard,2
인기도별,party,2
인기도별,friendship,2
인기도별,egypt,2
인기도별,rights,2
인기도별,snow,2
인기도별,terrorism,2
인기도별,marriage,2
인기도별,mutiny,2
인기도별,mythology,2
인기도별,burglar,2
인기도별,colony,2
인기도별,ape,2
인기도별,medical,2
인기도별,research,2
인기도별,parents,2
인기도별,resistance,2
인기도별,class,2
인기도별,retelling,2
인기도별,villainess,2
인기도별,best,2
인기도별,arms,2
인기도별,moral,2
인기도별,epic,2
인기도별,dragon,2
인기도별,fiction,2
인기도별,jazz,2
인기도별,fantasy,2
인기도별,music,2
인기도별,gold,2
인기도별,storm,2
인기도별,amusement,2
인기도별,past,2
인기도별,mastermind,2
인기도별,single,2
인기도별,brain,2
인기도별,nasa,2
인기도별,girl,2
인기도별,good,2
인기도별,against,2
인기도별,relationships,2
인기도별,scientist,2
인기도별,doctor,2
인기도별,history,2
인기도별,night,2
인기도별,anti,2
인기도별,spy,2
인기도별,self,2
인기도별,healing,2
인기도별,century,2
인기도별,vienna,2
인기도별,run,2
인기도별,dark,2
인기도별,suspense,2
인기도별,adaptation,2
인기도별,female,2
인기도별,batman,2
인기도별,rich,2
인기도별,redemption,2
인기도별,kidnapping,2
인기도별,san,2
인기도별,for,2
인기도별,one,2
인기도별,gang,2
인기도별,chosen,2
인기도별,animation,2
인기도별,end,2
인기도별,science,2
인기도별,organized,2
인기도별,moses,2
인기도별,ghost,2
인기도별,into,2
인기도별,andreas,2
인기도별,california,2
인기도별,faith,1
인기도별,conspiracy,1
인기도별,singer,1
인기도별,adoptive,1
인기도별,underground,1
인기도별,orphanage,1
인기도별,life's,1
인기도별,resort,1
인기도별,ballet,1
인기도별,little,1
인기도별,tomboy,1
인기도별,hotel,1
인기도별,infant,1
인기도별,intelligent,1
인기도별,supervillain,1
인기도별,journalism,1
인기도별,archeologist,1
인기도별,stealing,1
인기도별,london,1
인기도별,austria,1
인기도별,clone,1
인기도별,belt,1
인기도별,conveyor,1
인기도별,scream,1
인기도별,hijinks,1
인기도별,taxi,1
인기도별,priest,1
인기도별,shootout,1
인기도별,supply,1
인기도별,cab,1
인기도별,haunted,1
인기도별,driver,1
인기도별,by,1
인기도별,crash,1
인기도별,god,1
인기도별,prayer,1
인기도별,escapade,1
인기도별,master,1
인기도별,fighting,1
인기도별,unfulfillment,1
인기도별,unfulfilled,1
인기도별,guide,1
인기도별,fort,1
인기도별,despicable,1
인기도별,responsability,1
인기도별,cover-up,1
인기도별,journey,1
인기도별,gnomes,1
인기도별,destruction,1
인기도별,invisibility,1
인기도별,tree,1
인기도별,moon,1
인기도별,catwoman,1
인기도별,cat,1
인기도별,climbing,1
인기도별,christianity,1
인기도별,treasure,1
인기도별,flood,1
인기도별,frog,1
인기도별,underworld,1
인기도별,halloween,1
인기도별,sleeping,1
인기도별,buried,1
인기도별,goblin,1
인기도별,beauty,1
인기도별,christmas,1
인기도별,literary,1
인기도별,lake,1
인기도별,killing,1
인기도별,bomb,1
인기도별,lovesickness,1
인기도별,stowaway,1
인기도별,army,1
인기도별,tunnel,1
인기도별,cave,1
인기도별,explosive,1
인기도별,cattivissimo,1
인기도별,cruise,1
인기도별,infection,1
인기도별,zombie,1
인기도별,desert,1
인기도별,antidote,1
인기도별,corporation,1
인기도별,virus,1
인기도별,bite,1
인기도별,ruin,1
인기도별,immunity,1
인기도별,street,1
인기도별,hostage,1
인기도별,drama,1
인기도별,graduation,1
인기도별,united,1
인기도별,mi6,1
인기도별,cuba,1
인기도별,riddle,1
인기도별,italo-american,1
인기도별,shotgun,1
인기도별,vororte,1
인기도별,evolution,1
인기도별,chief,1
인기도별,dhampir,1
인기도별,forks,1
인기도별,washington,1
인기도별,wolf,1
인기도별,pack,1
인기도별,misinformation,1
인기도별,seeing,1
인기도별,squirrel,1
인기도별,bloodsucker,1
인기도별,ice,1
인기도별,mammoth,1
인기도별,sloth,1
인기도별,stone,1
인기도별,age,1
인기도별,saber-toothed,1
인기도별,tiger,1
인기도별,cavemen,1
인기도별,grudge,1
인기도별,breed,1
인기도별,adventure,1
인기도별,poor,1
인기도별,mexico,1
인기도별,smuggling,1
인기도별,viking,1
인기도별,warrior,1
인기도별,iceberg,1
인기도별,panic,1
인기도별,titanic,1
인기도별,-,1
인기도별,differences,1
인기도별,cross,1
인기도별,crossed,1
인기도별,lovers,1
인기도별,steerage,1
인기도별,salvage,1
인기도별,snob,1
인기도별,1910s,1
인기도별,strength,1
인기도별,imprinting,1
인기도별,creature,1
인기도별,times,1
인기도별,melancholy,1
인기도별,roman,1
인기도별,suicide,1
인기도별,chicago,1
인기도별,law,1
인기도별,humanoid,1
인기도별,rome,1
인기도별,gladiator,1
인기도별,arena,1
인기도별,senate,1
인기도별,emperor,1
인기도별,sold,1
인기도별,battlefield,1
인기도별,combat,1
인기도별,sequence,1
인기도별,chariot,1
인기도별,philosopher,1
인기도별,barbarian,1
인기도별,horde,1
인기도별,2nd,1
인기도별,abolitionist,1
인기도별,19th,1
인기도별,hostile,1
인기도별,billionaire,1
인기도별,takeover,1
인기도별,norse,1
인기도별,asgard,1
인기도별,wizardry,1
인기도별,apparition,1
인기도별,crush,1
인기도별,perversion,1
인기도별,spanking,1
인기도별,bdsm,1
인기도별,owner,1
인기도별,whip,1
인기도별,plantation,1
인기도별,shift,1
인기도별,violin,1
인기도별,player,1
인기도별,physical,1
인기도별,cotton,1
인기도별,slave,1
인기도별,operation,1
인기도별,film,1
인기도별,catastrophe,1
인기도별,permit,1
인기도별,glasses,1
인기도별,illegal,1
인기도별,immigration,1
인기도별,deportation,1
인기도별,cockroach,1
인기도별,cannon,1
인기도별,saucer,1
인기도별,stay,1
인기도별,government,1
인기도별,gnosticism,1
인기도별,agency,1
인기도별,divergent,1
인기도별,southern,1
인기도별,usa,1
인기도별,people,1
인기도별,heal,1
인기도별,jail,1
인기도별,great,1
인기도별,sun,1
인기도별,messiah,1
인기도별,earthquake,1
인기도별,camp,1
인기도별,praise,1
인기도별,corrupt,1
인기도별,politician,1
인기도별,bloody,1
인기도별,body,1
인기도별,punches,1
인기도별,factory,1
인기도별,concentration,1
인기도별,defense,1
인기도별,cyberpunk,1
인기도별,industry,1
인기도별,philosophy,1
인기도별,prophecy,1
인기도별,fight,1
인기도별,insurgence,1
인기도별,virtual,1
인기도별,reality,1
인기도별,truth,1
인기도별,depression,1
인기도별,electric,1
인기도별,chair,1
인기도별,rape,1
인기도별,cinderella,1
인기도별,prince,1
인기도별,royalty,1
인기도별,lost,1
인기도별,shoe,1
인기도별,stepmother,1
인기도별,friends,1
인기도별,followed,1
인기도별,winter,1
인기도별,realism,1
인기도별,grizzly,1
인기도별,wilderness,1
인기도별,frontier,1
인기도별,native,1
인기도별,true,1
인기도별,events,1
인기도별,fur,1
인기도별,trapper,1
인기도별,teenager,1
인기도별,tournament,1
인기도별,boarding,1
인기도별,ramses,1
인기도별,inmate,1
인기도별,1930s,1
인기도별,speed,1
인기도별,muscle,1
인기도별,synthetic,1
인기도별,ambiguity,1
인기도별,mental,1
인기도별,institution,1
인기도별,morphing,1
인기도별,nuclear,1
인기도별,weapons,1
인기도별,shape,1
인기도별,shifter,1
인기도별,savior,1
인기도별,catch,1
인기도별,phrase,1
인기도별,bible,1
인기도별,himalaya,1
인기도별,assistant,1
인기도별,capacity,1
인기도별,clash,1
인기도별,mountain,1
인기도별,climber,1
인기도별,clark,1
인기도별,kent,1
인기도별,bruce,1
인기도별,wayne,1
인기도별,culture,1
인기도별,tribe,1
인기도별,reindeer,1
인기도별,cgi,1
인기도별,affair,1
인기도별,relations,1
인기도별,mind,1
인기도별,soul,1
인기도별,support,1
인기도별,group,1
인기도별,curse,1
인기도별,snowman,1
인기도별,surgery,1
인기도별,deep,1
인기도별,district,1
인기도별,attorney,1
인기도별,mars,1
인기도별,isolation,1
인기도별,botanist,1
인기도별,stranded,1
인기도별,engineering,1
인기도별,explorer,1
인기도별,betrayal,1
인기도별,lover,1
인기도별,sleep,1
인기도별,subconsciousness,1
인기도별,heist,1
인기도별,queen,1
인기도별,musical,1
인기도별,princess,1
인기도별,nihilism,1
인기도별,insomnia,1
인기도별,fortune,1
인기도별,nerd,1
인기도별,crisis,1
인기도별,disappearance,1
인기도별,cheating,1
인기도별,person,1
인기도별,search,1
인기도별,suspect,1
인기도별,video,1
인기도별,pixels,1
인기도별,teller,1
인기도별,nazi,1
인기도별,germany,1
인기도별,panzer,1
인기도별,tank,1
인기도별,domination,1
인기도별,1980s,1
인기도별,traitor,1
인기도별,experiment,1
인기도별,turtle,1
인기도별,van,1
인기도별,mutation,1
인기도별,bondage,1
인기도별,card,1
인기도별,compass,1
인기도별,gay,1
인기도별,mathematician,1
인기도별,logician,1
인기도별,cryptography,1
인기도별,shield,1
인기도별,italy,1
인기도별,at,1
인기도별,sight,1
인기도별,patriarch,1
인기도별,italian,1
인기도별,rise,1
인기도별,mob,1
인기도별,joker,1
인기도별,chaos,1
인기도별,sadism,1
인기도별,tyrannosaurus,1
인기도별,outer,1
인기도별,adventurer,1
인기도별,australia,1
인기도별,convoy,1
인기도별,peak,1
인기도별,oil,1
인기도별,dna,1
인기도별,rex,1
인기도별,skeleton,1
인기도별,velociraptor,1
인기도별,dinosaur,1
인기도별,theme,1
인기도별,jurassic,1
인기도별,horror,1
인기도별,blacksmith,1
인기도별,proposal,1
인기도별,wall,1
인기도별,fourth,1
인기도별,breaking,1
인기도별,mercenary,1
인기도별,parent,1
인기도별,expedition,1
인기도별,wormhole,1
인기도별,famine,1
인기도별,hole,1
인기도별,quantum,1
인기도별,mechanics,1
인기도별,farmhouse,1
인기도별,farmer,1
인기도별,station,1
인기도별,astrophysics,1
인기도별,zero,1
인기도별,gravity,1
인기도별,paradox,1
인기도별,relativity,1
인기도별,jamaica,1
인기도별,governor,1
인기도별,scarecrow,1
인기도별,civil,1
인기도별,boy,1
인기도별,genius,1
인기도별,dilemma,1
인기도별,teen,1
인기도별,superheroes,1
인기도별,dead,1
인기도별,killer,1
인기도별,obsession,1
인기도별,wooden,1
인기도별,conservatory,1
인기도별,teacher,1
인기도별,montage,1
인기도별,drummer,1
인기도별,public,1
인기도별,humiliation,1
인기도별,band,1
인기도별,dimension,1
인기도별,another,1
인기도별,talent,1
인기도별,subjugation,1
인기도별,eye,1
인기도별,coin,1
인기도별,alcoholic,1
인기도별,caribbean,1
인기도별,capuchin,1
인기도별,tortuga,1
인기도별,leader,1
인기도별,forest,1
인기도별,woods,1
인기도별,plague,1
인기도별,protagonist,1
인기도별,bow,1
인기도별,arrow,1
인기도별,revolt,1
인기도별,prejudice,1
인기도별,alliance,1
인기도별,calypso,1
인기도별,afterlife,1
인기도별,green,1
인기도별,ambiguous,1
인기도별,ending,1
인기도별,briefcase,1
인기도별,heirloom,1
인기도별,pulp,1
인기도별,reference,1
인기도별,al,1
인기도별,theft,1
인기도별,twilight,1
인기도별,unlikely,1
인기도별,middle,1
인기도별,malibu,1
인기도별,tony,1
인기도별,stark,1
인기도별,iron,1
인기도별,counter,1
인기도별,kamikaze,1
인기도별,junkyard,1
인기도별,contest,1
인기도별,dance,1
인기도별,turns,1
인기도별,archery,1
인기도별,ruins,1
인기도별,peace,1
인기도별,offering,1
인기도별,suspicion,1
인기도별,honor,1
인기도별,trilogy,1
인기도별,quest,1
인기도별,transporter,1
인기도별,brothel,1
인기도별,boxer,1
인기도별,massage,1
인기도별,stolen,1
인기도별,money,1
인기도별,coulson,1
인기도별,darkness,1
인기도별,scot,1
인기도별,watchman,1
인기도별,forgiveness,1
인기도별,spider,1
인기도별,wretch,1
인기도별,egomania,1
인기도별,sand,1
인기도별,narcism,1
인기도별,hostility,1
인기도별,museum,1
인기도별,village,1
인기도별,natural,1
인기도별,smithsonian,1
인기도별,telepathy,1
인기도별,mule,1
인기도별,telekinesis,1
인기도별,superpower,1
인기도별,tough,1
인기도별,sandstorm,1
인기도별,amnesia,1
인기도별,cop,1
인기도별,near,1
인기도별,town,1
인기도별,bath,1
인기도별,house,1
인기도별,pig,1
인기도별,biology,1
인기도별,train,1
인기도별,yokai,1
인기도별,japanese,1
인기도별,anime,1
인기도별,1970s,1
인기도별,beast,1
인기도별,changing,1
인기도별,or,1
인기도별,transformers,1
인기도별,transforming,1
인기도별,rebellious,1
인기도별,wish,1
인기도별,zoo,1
인기도별,parole,1
인기도별,uncle,1
인기도별,mirror,1
인기도별,bakery,1
인기도별,falling,1
인기도별,date,1
인기도별,cell,1
인기도별,delinquent,1
인기도별,board,1
인기도별,silver,1
인기도별,from,1
인기도별,wrongful,1
인기도별,imprisonment,1
인기도별,framed,1
인기도별,sea,1
인기도별,prime,1
인기도별,minister,1
인기도별,password,1
인기도별,volcano,1
인기도별,castle,1
인기도별,fireworks,1
인기도별,cage,1
인기도별,golden,1
인기도별,gate,1
인기도별,bridge,1
인기도별,alzheimer's,1
인기도별,veteran,1
인기도별,hippie,1
인기도별,running,1
인기도별,bully,1
인기도별,hugging,1
인기도별,shrimping,1
인기도별,wounded,1
인기도별,flashback,1
인기도별,bench,1
인기도별,amputee,1
인기도별,sailing,1
인기도별,duke,1
인기도별,archer,1
인기도별,lightsaber,1
인기도별,soulmates,1
인기도별,forbidden,1
인기도별,trust,1
인기도별,desire,1
인기도별,interspecies,1
인기도별,galaxy,1
인기도별,hermit,1
인기도별,jedi,1
인기도별,mermaid,1
인기도별,rebellion,1
인기도별,smuggler,1
인기도별,force,1
인기도별,galactic,1
인기도별,stormtrooper,1
인기도별,totalitarianism,1
인기도별,scotland,1
인기도별,psychiatrist,1
인기도별,basic,1
인기도별,insanity,1
인기도별,freedom,1
인기도별,snake,1
인기도별,erased,1
인기도별,inventor,1
인기도별,destiny,1
인기도별,dreamer,1
인기도별,cartoon,1
인기도별,imaginary,1
인기도별,moving,1
인기도별,unicorn,1
인기도별,emotions,1
인기도별,individual,1
인기도별,self-destruction,1
인기도별,wheelchair,1
인기도별,lunatic,1
인기도별,asylum,1
인기도별,successor,1
평점별,on,39
평점별,based,37
평점별,comic,37
평점별,marvel,30
평점별,superhero,25
평점별,aftercreditsstinger,24
평점별,war,22
평점별,of,22
평점별,and,21
평점별,space,19
평점별,book,19
평점별,the,18
평점별,3d,17
평점별,novel,17
평점별,duringcreditsstinger,16
평점별,universe,16
평점별,hero,15
평점별,dystopia,15
평점별,world,14
평점별,father,13
평점별,cinematic,12
평점별,magic,12
평점별,loss,11
평점별,relationship,11
평점별,secret,10
평점별,love,10
평점별,crime,10
평점별,future,10
평점별,imax,10
평점별,time,9
평점별,dc,9
평점별,drug,8
평점별,death,8
평점별,son,8
평점별,alien,8
평점별,murder,7
평점별,island,7
평점별,black,7
평점별,powers,7
평점별,new,7
평점별,friend,7
평점별,friendship,7
평점별,sword,7
평점별,park,7
평점별,ship,6
평점별,broom,6
평점별,violence,6
평점별,young,6
평점별,revenge,6
평점별,battle,6
평점별,adult,6
평점별,super,6
평점별,comics,6
평점별,school,6
평점별,travel,6
평점별,identity,6
평점별,vigilante,6
평점별,apocalypse,5
평점별,sorcery,5
평점별,child,5
평점별,city,5
평점별,teenage,5
평점별,sequel,5
평점별,intelligence,5
평점별,rivalry,5
평점별,female,5
평점별,witch,5
평점별,boy,5
평점별,life,5
평점별,to,5
평점별,daughter,5
평점별,(tolkien),5
평점별,witchcraft,5
평점별,middle-earth,5
평점별,orcs,5
평점별,elves,5
평점별,evil,5
평점별,robot,5
평점별,survival,5
평점별,toy,4
평점별,family,4
평점별,giant,4
평점별,rescue,4
평점별,jedi,4
평점별,disaster,4
평점별,animal,4
평점별,redemption,4
평점별,escape,4
평점별,superhuman,4
평점별,monster,4
평점별,wizard,4
평점별,memory,4
평점별,a,4
평점별,hobbit,4
평점별,iron,4
평점별,vs,4
평점별,man,4
평점별,dream,4
평점별,post-apocalyptic,4
평점별,spaceship,4
평점별,saving,4
평점별,human,4
평점별,captain,4
평점별,york,4
평점별,shield,4
평점별,apprentice,4
평점별,sorcerer's,4
평점별,pirate,4
평점별,blood,4
평점별,cord,4
평점별,cutting,4
평점별,anti,4
평점별,criminal,4
평점별,self,4
평점별,tragic,4
평점별,artificial,4
평점별,company,4
평점별,bear,4
평점별,soldier,4
평점별,in,4
평점별,animation,4
평점별,mission,4
평점별,ii,4
평점별,past,4
평점별,marriage,3
평점별,best,3
평점별,dwarves,3
평점별,hate,3
평점별,dealer,3
평점별,east,3
평점별,prophecy,3
평점별,swashbuckler,3
평점별,terrorist,3
평점별,destruction,3
평점별,malibu,3
평점별,woman,3
평점별,sacrifice,3
평점별,exotic,3
평점별,rebellion,3
평점별,martial,3
평점별,arts,3
평점별,snow,3
평점별,crisis,3
평점별,mountains,3
평점별,military,3
평점별,army,3
평점별,american,3
평점별,mother,3
평점별,android,3
평점별,extended,3
평점별,1940s,3
평점별,police,3
평점별,corruption,3
평점별,prison,3
평점별,brutality,3
평점별,boss,3
평점별,investigation,3
평점별,attack,3
평점별,america,3
평점별,mutant,3
평점별,conspiracy,3
평점별,car,3
평점별,killer,3
평점별,missing,3
평점별,brother,3
평점별,vietnam,3
평점별,ancient,3
평점별,explosion,3
평점별,organized,3
평점별,knife,3
평점별,fighter,3
평점별,power,3
평점별,game,3
평점별,protagonist,3
평점별,gotham,3
평점별,astronaut,3
평점별,race,3
평점별,romance,3
평점별,villain,3
평점별,lover,3
평점별,society,3
평점별,invasion,3
평점별,team,3
평점별,jurassic,2
평점별,goblin,2
평점별,friends,2
평점별,journey,2
평점별,ring,2
평점별,jew,2
평점별,courage,2
평점별,amusement,2
평점별,tournament,2
평점별,planet,2
평점별,lawyer,2
평점별,dinosaur,2
평점별,star,2
평점별,class,2
평점별,vision,2
평점별,supernatural,2
평점별,mine,2
평점별,storm,2
평점별,reference,2
평점별,fiction,2
평점별,cave,2
평점별,theme,2
평점별,girl,2
평점별,detective,2
평점별,minions,2
평점별,philadelphia,2
평점별,money,2
평점별,supervillain,2
평점별,paris,2
평점별,energy,2
평점별,dancing,2
평점별,lightsaber,2
평점별,ocean,2
평점별,rich,2
평점별,officer,2
평점별,veteran,2
평점별,batman,2
평점별,opera,2
평점별,fall,2
평점별,running,2
평점별,rise,2
평점별,relationships,2
평점별,colony,2
평점별,flying,2
평점별,biography,2
평점별,bank,2
평점별,werewolf,2
평점별,stormtrooper,2
평점별,genetic,2
평점별,reboot,2
평점별,wife,2
평점별,shipwreck,2
평점별,end,2
평점별,epic,2
평점별,surgery,2
평점별,empire,2
평점별,good,2
평점별,asgard,2
평점별,mythology,2
평점별,norse,2
평점별,futuristic,2
평점별,from,2
평점별,brain,2
평점별,troll,2
평점별,comes,2
평점별,for,2
평점별,against,2
평점별,scientist,2
평점별,kids,2
평점별,bravery,2
평점별,force,2
평점별,danger,2
평점별,spider,2
평점별,rage,2
평점별,stark,2
평점별,burglar,2
평점별,fish,2
평점별,engineering,2
평점별,chariot,2
평점별,tony,2
평점별,insomnia,2
평점별,trading,2
평점별,agent,2
평점별,arrow,2
평점별,true,2
평점별,sadism,2
평점별,isolation,2
평점별,bow,2
평점별,partner,2
평점별,director,2
평점별,evisceration,2
평점별,yakuza,2
평점별,dying,2
평점별,heist,2
평점별,party,2
평점별,drama,2
평점별,fight,2
평점별,trapped,2
평점별,nazis,2
평점별,mutiny,2
평점별,machine,2
평점별,lost,2
평점별,wall,2
평점별,underworld,2
평점별,gold,2
평점별,tiger,2
평점별,misfit,2
평점별,single,2
평점별,terrorism,2
평점별,doctor,2
평점별,rex,2
평점별,tyrannosaurus,2
평점별,dna,2
평점별,dual,2
평점별,or,2
평점별,odd,2
평점별,couple,2
평점별,changing,2
평점별,one,2
평점별,chosen,2
평점별,uncle,2
평점별,gore,2
평점별,india,2
평점별,chases,2
평점별,escapade,2
평점별,century,2
평점별,nasa,2
평점별,orphan,2
평점별,dark,2
평점별,vegas,2
평점별,zombie,2
평점별,nuclear,2
평점별,las,2
평점별,races,2
평점별,master,2
평점별,snake,1
평점별,suspect,1
평점별,lockdown,1
평점별,vanity,1
평점별,immoderateness,1
평점별,search,1
평점별,sherlock,1
평점별,clue,1
평점별,philosophical,1
평점별,cargo,1
평점별,steampunk,1
평점별,person,1
평점별,coffin,1
평점별,yard,1
평점별,test,1
평점별,scotland,1
평점별,injured,1
평점별,cybernetics,1
평점별,lifeboat,1
평점별,domination,1
평점별,pentagram,1
평점별,turing,1
평점별,zookeeper,1
평점별,1980s,1
평점별,faith,1
평점별,holmes,1
평점별,self-fulfilling,1
평점별,s.w.a.t.,1
평점별,lust,1
평점별,hindu,1
평점별,impulsiveness,1
평점별,pride,1
평점별,arrest,1
평점별,mob,1
평점별,husband,1
평점별,home,1
평점별,tower,1
평점별,delorean,1
평점별,lightning,1
평점별,contract,1
평점별,guitar,1
평점별,plutonium,1
평점별,sports,1
평점별,addict,1
평점별,inventor,1
평점별,mad,1
평점별,out,1
평점별,water,1
평점별,execution,1
평점별,destiny,1
평점별,hidden,1
평점별,disorder,1
평점별,partners,1
평점별,clock,1
평점별,protective,1
평점별,reunion,1
평점별,harbor,1
평점별,moral,1
평점별,wishes,1
평점별,dilemma,1
평점별,teddy,1
평점별,teen,1
평점별,superheroes,1
평점별,dead,1
평점별,underwater,1
평점별,clownfish,1
평점별,tank,1
평점별,great,1
평점별,barrier,1
평점별,reef,1
평점별,neo-noir,1
평점별,short,1
평점별,term,1
평점별,getting,1
평점별,inventions,1
평점별,cheating,1
평점별,discoveries,1
평점별,asteroid,1
평점별,wookie,1
평점별,training,1
평점별,droid,1
평점별,telepathy,1
평점별,mule,1
평점별,telekinesis,1
평점별,superpower,1
평점별,tough,1
평점별,capacity,1
평점별,synthetic,1
평점별,traitor,1
평점별,assassin,1
평점별,suicide,1
평점별,griffon,1
평점별,muggle,1
평점별,disappearance,1
평점별,rebel,1
평점별,serial,1
평점별,italian,1
평점별,conveyor,1
평점별,1970s,1
평점별,tragedy,1
평점별,beast,1
평점별,infant,1
평점별,supply,1
평점별,hijinks,1
평점별,scream,1
평점별,belt,1
평점별,addiction,1
평점별,italy,1
평점별,at,1
평점별,first,1
평점별,sight,1
평점별,patriarch,1
평점별,mafia,1
평점별,retirement,1
평점별,pension,1
평점별,occultism,1
평점별,washington,1
평점별,compass,1
평점별,crimes,1
평점별,airplane,1
평점별,takeover,1
평점별,hostile,1
평점별,unlikely,1
평점별,normandy,1
평점별,dragon,1
평점별,drone,1
평점별,parachute,1
평점별,spacecraft,1
평점별,troops,1
평점별,pandemic,1
평점별,virus,1
평점별,waffen,1
평점별,ss,1
평점별,omaha,1
평점별,beach,1
평점별,helplessness,1
평점별,alone,1
평점별,origins,1
평점별,mutation,1
평점별,drawing,1
평점별,depression,1
평점별,historical,1
평점별,cuban,1
평점별,missile,1
평점별,iii,1
평점별,1960s,1
평점별,letter,1
평점별,wretch,1
평점별,weapon,1
평점별,lawsuit,1
평점별,complex,1
평점별,spin,1
평점별,off,1
평점별,creation,1
평점별,emergency,1
평점별,stasis,1
평점별,archeological,1
평점별,dig,1
평점별,god,1
평점별,matter,1
평점별,civilisation,1
평점별,cowardice,1
평점별,natural,1
평점별,exoskeleton,1
평점별,sailing,1
평점별,silver,1
평점별,duke,1
평점별,mermaid,1
평점별,restart,1
평점별,warp,1
평점별,civilization,1
평점별,volcanic,1
평점별,prime,1
평점별,eruption,1
평점별,mayan,1
평점별,ark,1
평점별,solar,1
평점별,vu,1
평점별,No keyword,1
평점별,deja,1
평점별,mankind,1
평점별,minister,1
평점별,sea,1
평점별,flag,1
평점별,kung,1
평점별,memorial,1
평점별,deserted,1
평점별,town,1
평점별,javelin,1
평점별,height,1
평점별,s.a.t.,1
평점별,japan,1
평점별,coma,1
평점별,fence,1
평점별,paleontology,1
평점별,fu,1
평점별,bride,1
평점별,wedding,1
평점별,samurai,1
평점별,electric,1
평점별,brontosaurus,1
평점별,part,1
평점별,triceratops,1
평점별,cia,1
평점별,card,1
평점별,d.c.,1
평점별,bondage,1
평점별,perspectives,1
평점별,fbi,1
평점별,manipulation,1
평점별,vault,1
평점별,orleans,1
평점별,technology,1
평점별,rome,1
평점별,gladiator,1
평점별,arena,1
평점별,senate,1
평점별,roman,1
평점별,emperor,1
평점별,slavery,1
평점별,battlefield,1
평점별,combat,1
평점별,sequence,1
평점별,philosopher,1
평점별,barbarian,1
평점별,horde,1
평점별,deception,1
평점별,multiple,1
평점별,weapons,1
평점별,mathematician,1
평점별,political,1
평점별,thriller,1
평점별,existentialism,1
평점별,consciousness,1
평점별,camera,1
평점별,surveillance,1
평점별,gay,1
평점별,england,1
평점별,logician,1
평점별,laboratory,1
평점별,outage,1
평점별,cryptography,1
평점별,boarding,1
평점별,teenager,1
평점별,resistance,1
평점별,revolt,1
평점별,prejudice,1
평점별,subjugation,1
평점별,2nd,1
평점별,successor,1
평점별,parents,1
평점별,bad,1
평점별,apparition,1
평점별,bipolar,1
평점별,crush,1
평점별,jealousy,1
평점별,next,1
평점별,door,1
평점별,institutionalization,1
평점별,thanksgiving,1
평점별,hostility,1
평점별,climber,1
평점별,pokies,1
평점별,superman,1
평점별,fortune,1
평점별,ex-wife,1
평점별,illness,1
평점별,mental,1
평점별,teller,1
평점별,neighbor,1
평점별,wizardry,1
평점별,mountain,1
평점별,wild,1
평점별,dystopic,1
평점별,boar,1
평점별,shaman,1
평점별,king,1
평점별,scar,1
평점별,hyena,1
평점별,meerkat,1
평점별,maze,1
평점별,erased,1
평점별,distrust,1
평점별,eagles,1
평점별,runner,1
평점별,queen,1
평점별,musical,1
평점별,princess,1
평점별,betrayal,1
평점별,snowman,1
평점별,reindeer,1
평점별,curse,1
평점별,genius,1
평점별,galaxy,1
평점별,dimension,1
평점별,transporter,1
평점별,boxer,1
평점별,massage,1
평점별,stolen,1
평점별,dance,1
평점별,contest,1
평점별,junkyard,1
평점별,kamikaze,1
평점별,ambiguous,1
평점별,ending,1
평점별,briefcase,1
평점별,heirloom,1
평점별,pulp,1
평점별,al,1
평점별,green,1
평점별,theft,1
평점별,riddle,1
평점별,tunnel,1
평점별,brothel,1
평점별,horror,1
평점별,truth,1
평점별,suspense,1
평점별,messiah,1
평점별,gnosticism,1
평점별,terror,1
평점별,tennessee,1
평점별,mandarin,1
평점별,patriot,1
평점별,extremis,1
평점별,middle,1
평점별,arms,1
평점별,counter,1
평점별,coulson,1
평점별,fireworks,1
평점별,castle,1
평점별,volcano,1
평점별,password,1
평점별,mirror,1
평점별,velociraptor,1
평점별,underground,1
평점별,lake,1
평점별,buried,1
평점별,treasure,1
평점별,hugging,1
평점별,shrimping,1
평점별,wounded,1
평점별,flashback,1
평점별,bench,1
평점별,amputee,1
평점별,spy,1
평점별,sociopath,1
평점별,art,1
평점별,gallery,1
평점별,british,1
평점별,service,1
평점별,istanbul,1
평점별,turkey,1
평점별,uzi,1
평점별,booby,1
평점별,trap,1
평점별,bully,1
평점별,disabled,1
평점별,mentally,1
평점별,board,1
평점별,climbing,1
평점별,tree,1
평점별,invisibility,1
평점별,gnomes,1
평점별,cell,1
평점별,delinquent,1
평점별,parole,1
평점별,wrongful,1
평점별,hippie,1
평점별,imprisonment,1
평점별,framed,1
평점별,suspicion,1
평점별,honor,1
평점별,ghost,1
평점별,trilogy,1
평점별,quest,1
평점별,cyberpunk,1
평점별,reality,1
평점별,macao,1
평점별,breaking,1
평점별,healing,1
평점별,parent,1
평점별,expedition,1
평점별,wormhole,1
평점별,famine,1
평점별,hole,1
평점별,quantum,1
평점별,mechanics,1
평점별,farmhouse,1
평점별,farmer,1
평점별,station,1
평점별,astrophysics,1
평점별,zero,1
평점별,gravity,1
평점별,paradox,1
평점별,relativity,1
평점별,bounty,1
평점별,fourth,1
평점별,mercenary,1
평점별,virtual,1
평점별,soul,1
평점별,kidnapping,1
평점별,sleep,1
평점별,subconsciousness,1
평점별,scarecrow,1
평점별,chaos,1
평점별,joker,1
평점별,mastermind,1
평점별,district,1
평점별,attorney,1
평점별,culture,1
평점별,clash,1
평점별,tribe,1
평점별,cgi,1
평점별,marine,1
평점별,affair,1
평점별,relations,1
평점별,mind,1
평점별,hunter,1
평점별,plantation,1
평점별,shootout,1
평점별,racism,1
평점별,australia,1
평점별,run,1
평점별,convoy,1
평점별,peak,1
평점별,oil,1
평점별,support,1
평점별,group,1
평점별,nihilism,1
평점별,hostage,1
평점별,bomb,1
평점별,cover-up,1
평점별,villainess,1
평점별,catwoman,1
평점별,cat,1
평점별,flood,1
평점별,philosophy,1
평점별,insurgence,1
평점별,chase,1
평점별,show,1
평점별,tv,1
평점별,adventurer,1
평점별,dentist,1
평점별,django,1
평점별,role,1
평점별,slave,1
평점별,deadly,1
평점별,19th,1
평점별,outer,1
평점별,hallucination,1
평점별,fictional,1
평점별,throwing,1
평점별,archery,1
평점별,blindness,1
평점별,glamour,1
평점별,roasted,1
평점별,pig,1
평점별,sponsor,1
평점별,impersonating,1
평점별,iceberg,1
평점별,another,1
평점별,adoptive,1
평점별,life's,1
평점별,stealing,1
평점별,ballet,1
평점별,little,1
평점별,tomboy,1
평점별,intelligent,1
평점별,despicable,1
평점별,cattivissimo,1
평점별,guerrilla,1
평점별,cinema,1
평점별,dynamite,1
평점별,mexican,1
평점별,standoff,1
평점별,persecution,1
평점별,masochism,1
평점별,scalp,1
평점별,winston,1
평점별,orphanage,1
평점별,winner,1
평점별,broker,1
평점별,uprising,1
평점별,imaginary,1
평점별,moving,1
평점별,unicorn,1
평점별,emotions,1
평점별,mexico,1
평점별,banishment,1
평점별,hammer,1
평점별,odin,1
평점별,heimdall,1
평점별,competition,1
평점별,mentor,1
평점별,factory,1
평점별,television,1
평점별,propaganda,1
평점별,alliance,1
평점별,games,1
평점별,president,1
평점별,churchill,1
평점별,hand,1
평점별,semitism,1
평점별,swastika,1
평점별,1950s,1
평점별,romantic,1
평점별,comedy,1
평점별,underwear,1
평점별,stag,1
평점별,night,1
평점별,hangover,1
평점별,weekend,1
평점별,bag,1
평점별,over,1
평점별,head,1
평점별,chapel,1
평점별,hit,1
평점별,with,1
평점별,tire,1
평점별,elevator,1
평점별,talent,1
평점별,theory,1
평점별,marshal,1
평점별,u.s.,1
평점별,grizzly,1
평점별,bath,1
평점별,german,1
평점별,occupation,1
평점별,france,1
평점별,gun,1
평점별,rape,1
평점별,winter,1
평점별,wilderness,1
평점별,hospital,1
평점별,frontier,1
평점별,native,1
평점별,events,1
평점별,fur,1
평점별,trapper,1
평점별,hurricane,1
평점별,psychiatric,1
평점별,cartoon,1
평점별,stock,1
평점별,panic,1
평점별,by,1
평점별,unfulfillment,1
평점별,unfulfilled,1
평점별,mars,1
평점별,botanist,1
평점별,stranded,1
평점별,science,1
평점별,deep,1
평점별,explorer,1
평점별,civil,1
평점별,usa,1
평점별,nazi,1
평점별,germany,1
평점별,period,1
평점별,brooklyn,1
평점별,christmas,1
평점별,halloween,1
평점별,frog,1
평점별,fighting,1
평점별,haunted,1
평점별,stockbroker,1
평점별,ninja,1
평점별,titanic,1
평점별,liner,1
평점별,-,1
평점별,poor,1
평점별,differences,1
평점별,crossed,1
평점별,lovers,1
평점별,steerage,1
평점별,salvage,1
평점별,snob,1
평점별,1910s,1
평점별,explosive,1
평점별,fort,1
평점별,guide,1
평점별,shared,1
평점별,himalaya,1
평점별,undercover,1
평점별,fantasy,1
평점별,clark,1
평점별,kent,1
평점별,bruce,1
평점별,air,1
평점별,exploring,1
평점별,hermit,1
평점별,smuggler,1
평점별,galactic,1
평점별,totalitarianism,1
평점별,serum,1
평점별,scientific,1
평점별,experiment,1
평점별,bite,1
평점별,masked,1
평점별,social,1
평점별,outcast,1
평점별,sex,1
평점별,sexuality,1
평점별,humor,1
평점별,street,1
평점별,floating,1
평점별,balloon,1
평점별,south,1
평점별,eye,1
평점별,wayne,1
평점별,blacksmith,1
평점별,proposal,1
평점별,jamaica,1
평점별,skeleton,1
평점별,governor,1
평점별,wooden,1
평점별,coin,1
평점별,central,1
평점별,alcoholic,1
평점별,caribbean,1
평점별,capuchin,1
평점별,monkey,1
평점별,tortuga,1
평점별,age,1
평점별,difference,1
평점별,come,1
